[23:27:04] [main/INFO] (FabricLoader/GameProvider) Loading Minecraft 26.2 with Fabric Loader 0.19.5
[23:27:04] [main/INFO] (FabricLoader/Mappings) Mappings not present!
[23:27:04] [main/DEBUG] (FabricLoader/GamePatch) Found game constructor: net.minecraft.client.main.Main -> net.minecraft.client.Minecraft
[23:27:04] [main/DEBUG] (FabricLoader/GamePatch) Patching game constructor <init>(Lnet/minecraft/client/main/GameConfig;)V
[23:27:04] [main/DEBUG] (FabricLoader/GamePatch) Run directory field is thought to be net/minecraft/client/Minecraft/gameDirectory
[23:27:04] [main/DEBUG] (FabricLoader/GamePatch) Applying brand name hook to net/minecraft/client/ClientBrandRetriever::getClientModName
[23:27:04] [main/DEBUG] (FabricLoader/GamePatch) Applying brand name hook to net/minecraft/server/MinecraftServer::getServerModName
[23:27:04] [main/DEBUG] (FabricLoader/GamePatch) Patched 3 classs
[23:27:04] [main/DEBUG] (FabricLoader/Discovery) Mod discovery time: 62,8 ms
[23:27:04] [main/DEBUG] (FabricLoader/Resolution) Mod resolution time: 118,7 ms
[23:27:04] [main/INFO] (FabricLoader) Loading 52 mods:
	- fabric-advancement-api-v1 1.0.0+58719a3b9e
	- fabric-api 0.161.0+26.2
	- fabric-api-base 2.0.4+ece063239e
	- fabric-api-lookup-api-v1 2.0.18+11e1c9a39e
	- fabric-biome-api-v1 18.0.6+c7bd5b8e9e
	- fabric-block-api-v1 3.1.0+53515aab9e
	- fabric-block-getter-api-v2 2.0.7+ec56b6019e
	- fabric-client-gametest-api-v1 6.0.2+0f4f1dca9e
	- fabric-command-api-v2 3.1.0+00cb03469e
	- fabric-content-registries-v0 11.3.2+37b1aa249e
	- fabric-convention-tags-v2 4.7.1+1f023a9e9e
	- fabric-crash-report-info-v1 1.0.5+086d547a9e
	- fabric-creative-tab-api-v1 5.0.15+6468574f9e
	- fabric-data-attachment-api-v1 2.2.19+515ac5339e
	- fabric-data-generation-api-v1 25.6.0+c0da0b829e
	- fabric-debug-api-v1 1.0.2+c792624d9e
	- fabric-dimensions-v1 5.1.12+515ac5339e
	- fabric-entity-events-v1 5.0.5+06488ac19e
	- fabric-events-interaction-v0 5.2.8+515ac5339e
	- fabric-game-rule-api-v1 4.0.8+46a6d00c9e
	- fabric-gametest-api-v1 4.0.22+4a7fa0819e
	- fabric-item-api-v1 14.5.0+c68f6cbe9e
	- fabric-key-mapping-api-v1 2.0.5+e2bdee789e
	- fabric-lifecycle-events-v1 4.1.4+29b6eb019e
	- fabric-loot-api-v3 3.0.17+06488ac19e
	- fabric-menu-api-v1 2.0.17+086d547a9e
	- fabric-message-api-v1 7.0.8+bb2ed3f79e
	- fabric-model-loading-api-v1 8.0.17+c80601bb9e
	- fabric-networking-api-v1 6.3.4+2989c6a09e
	- fabric-object-builder-api-v1 24.1.1+6fcd5f039e
	- fabric-particles-v1 5.0.19+d1756aa99e
	- fabric-permission-api-v1 1.0.5+e442d8d09e
	- fabric-recipe-api-v1 9.0.22+11e1c9a39e
	- fabric-registry-sync-v0 7.1.1+c7bd5b8e9e
	- fabric-renderer-api-v1 14.1.4+2b0d8a229e
	- fabric-renderer-indigo 9.1.4+2b0d8a229e
	- fabric-rendering-fluids-v1 6.0.4+06488ac19e
	- fabric-rendering-v1 25.3.3+515ac5339e
	- fabric-resource-conditions-api-v1 6.1.0+10e9a28b9e
	- fabric-resource-loader-v0 3.3.20+4fc5413f9e
	- fabric-resource-loader-v1 2.0.13+9edec1269e
	- fabric-screen-api-v1 5.2.1+5087f8249e
	- fabric-serialization-api-v1 2.0.4+11a26f319e
	- fabric-sound-api-v1 2.0.5+11a26f319e
	- fabric-tag-api-v1 2.1.4+515ac5339e
	- fabric-transfer-api-v1 8.0.13+11dbb7d79e
	- fabric-transitive-access-wideners-v1 8.1.4+67c847259e
	- fabricloader 0.19.5
	- java 25
	- liquid_ui_library 1.1.0+mc26.2
	- minecraft 26.2
	- mixinextras 0.5.5
[23:27:04] [main/DEBUG] (FabricLoader/Knot) Adding C:\Users\PC\.gradle\caches\modules-2\files-2.1\net.fabricmc.fabric-api\fabric-networking-api-v1\6.3.4+2989c6a09e\608860809ec66fd65ca764c4157e96030f330537\fabric-networking-api-v1-6.3.4+2989c6a09e.jar to classpath.
[23:27:04] [main/DEBUG] (FabricLoader/Knot) Adding C:\Users\PC\.gradle\caches\modules-2\files-2.1\net.fabricmc.fabric-api\fabric-resource-loader-v0\3.3.20+4fc5413f9e\c6551ab905383f3c8e046a403a78a25bebabaff0\fabric-resource-loader-v0-3.3.20+4fc5413f9e.jar to classpath.
[23:27:04] [main/DEBUG] (FabricLoader/Knot) Adding C:\Users\PC\.gradle\caches\modules-2\files-2.1\net.fabricmc.fabric-api\fabric-key-mapping-api-v1\2.0.5+e2bdee789e\c86dc688a7e9caa7edca9973dc6abfe37c652135\fabric-key-mapping-api-v1-2.0.5+e2bdee789e.jar to classpath.
[23:27:04] [main/DEBUG] (FabricLoader/Knot) Adding C:\Users\PC\.gradle\caches\modules-2\files-2.1\net.fabricmc.fabric-api\fabric-sound-api-v1\2.0.5+11a26f319e\73e4e62924608e1d1581f192607857db096dafe7\fabric-sound-api-v1-2.0.5+11a26f319e.jar to classpath.
[23:27:04] [main/DEBUG] (FabricLoader/Knot) Adding C:\Users\PC\.gradle\caches\modules-2\files-2.1\net.fabricmc.fabric-api\fabric-block-api-v1\3.1.0+53515aab9e\46cf7e7564fbbb13d099c3fe1b065561f14e268f\fabric-block-api-v1-3.1.0+53515aab9e.jar to classpath.
[23:27:04] [main/DEBUG] (FabricLoader/Knot) Adding C:\Users\PC\.gradle\caches\modules-2\files-2.1\net.fabricmc.fabric-api\fabric-item-api-v1\14.5.0+c68f6cbe9e\c2d241b01e3c083637adb17c2c8ff798cb752d5a\fabric-item-api-v1-14.5.0+c68f6cbe9e.jar to classpath.
[23:27:04] [main/DEBUG] (FabricLoader/Knot) Adding C:\Users\PC\.gradle\caches\modules-2\files-2.1\net.fabricmc.fabric-api\fabric-renderer-api-v1\14.1.4+2b0d8a229e\f6a6d234cc1073ffb871150d548d2164f8bc8d0b\fabric-renderer-api-v1-14.1.4+2b0d8a229e.jar to classpath.
[23:27:04] [main/DEBUG] (FabricLoader/Knot) Adding C:\Users\PC\.gradle\caches\modules-2\files-2.1\net.fabricmc.fabric-api\fabric-rendering-v1\25.3.3+515ac5339e\b970a6d778b9867d6ea13d5437193f1e86a19c55\fabric-rendering-v1-25.3.3+515ac5339e.jar to classpath.
[23:27:04] [main/DEBUG] (FabricLoader/Knot) Adding C:\Users\PC\.gradle\caches\modules-2\files-2.1\net.fabricmc.fabric-api\fabric-registry-sync-v0\7.1.1+c7bd5b8e9e\82c1ce3885265deb0c15970d4abadf0ae055a539\fabric-registry-sync-v0-7.1.1+c7bd5b8e9e.jar to classpath.
[23:27:04] [main/DEBUG] (FabricLoader/Knot) Adding C:\Users\PC\.gradle\caches\modules-2\files-2.1\net.fabricmc.fabric-api\fabric-debug-api-v1\1.0.2+c792624d9e\9f0581bb985edf22a0d812dbe67178bd2849286\fabric-debug-api-v1-1.0.2+c792624d9e.jar to classpath.
[23:27:04] [main/DEBUG] (FabricLoader/Knot) Adding C:\Users\PC\.gradle\caches\modules-2\files-2.1\net.fabricmc.fabric-api\fabric-api-base\2.0.4+ece063239e\e766f3698b7bab8b1e13683040f8648fab511ca3\fabric-api-base-2.0.4+ece063239e.jar to classpath.
[23:27:04] [main/DEBUG] (FabricLoader/Knot) Adding C:\Users\PC\.gradle\caches\modules-2\files-2.1\net.fabricmc.fabric-api\fabric-menu-api-v1\2.0.17+086d547a9e\2d35d55e2aa842d5eec1f9262a74074385c69cfb\fabric-menu-api-v1-2.0.17+086d547a9e.jar to classpath.
[23:27:04] [main/DEBUG] (FabricLoader/Knot) Adding C:\Users\PC\.gradle\caches\modules-2\files-2.1\net.fabricmc.fabric-api\fabric-permission-api-v1\1.0.5+e442d8d09e\92197dd81a18322fd36b87de79bdaa8d2b4a1ba9\fabric-permission-api-v1-1.0.5+e442d8d09e.jar to classpath.
[23:27:04] [main/DEBUG] (FabricLoader/Knot) Adding C:\Users\PC\.gradle\caches\modules-2\files-2.1\net.fabricmc.fabric-api\fabric-lifecycle-events-v1\4.1.4+29b6eb019e\54a508470dcea81513e39001b5c0bf9fae0f1d5\fabric-lifecycle-events-v1-4.1.4+29b6eb019e.jar to classpath.
[23:27:04] [main/DEBUG] (FabricLoader/Knot) Adding C:\Users\PC\.gradle\caches\modules-2\files-2.1\net.fabricmc.fabric-api\fabric-renderer-indigo\9.1.4+2b0d8a229e\48cdf540bd670fe9333a74dd1570316180d10ab3\fabric-renderer-indigo-9.1.4+2b0d8a229e.jar to classpath.
[23:27:04] [main/DEBUG] (FabricLoader/Knot) Adding C:\Users\PC\.gradle\caches\modules-2\files-2.1\net.fabricmc.fabric-api\fabric-api-lookup-api-v1\2.0.18+11e1c9a39e\31fc094d5f4d878ed12bba2e5e8cdb42b26d83ae\fabric-api-lookup-api-v1-2.0.18+11e1c9a39e.jar to classpath.
[23:27:04] [main/DEBUG] (FabricLoader/Knot) Adding C:\Users\PC\.gradle\caches\modules-2\files-2.1\net.fabricmc.fabric-api\fabric-game-rule-api-v1\4.0.8+46a6d00c9e\886816530fb79c925eb1bc6c34dd4d9d82e71d49\fabric-game-rule-api-v1-4.0.8+46a6d00c9e.jar to classpath.
[23:27:04] [main/DEBUG] (FabricLoader/Knot) Adding C:\Users\PC\.gradle\caches\modules-2\files-2.1\net.fabricmc.fabric-api\fabric-dimensions-v1\5.1.12+515ac5339e\b9d60e3ceee08f0fbc6f19fe8264c82c5fc2d122\fabric-dimensions-v1-5.1.12+515ac5339e.jar to classpath.
[23:27:04] [main/DEBUG] (FabricLoader/Knot) Adding C:\Users\PC\.gradle\caches\modules-2\files-2.1\net.fabricmc.fabric-api\fabric-recipe-api-v1\9.0.22+11e1c9a39e\e756703eda39613f8d638521829b673c92276604\fabric-recipe-api-v1-9.0.22+11e1c9a39e.jar to classpath.
[23:27:04] [main/DEBUG] (FabricLoader/Knot) Adding C:\Users\PC\.gradle\caches\modules-2\files-2.1\net.fabricmc.fabric-api\fabric-rendering-fluids-v1\6.0.4+06488ac19e\9ded3bc73b5ff3c441075d0c8eca988aacce1f1f\fabric-rendering-fluids-v1-6.0.4+06488ac19e.jar to classpath.
[23:27:04] [main/DEBUG] (FabricLoader/Knot) Adding C:\Users\PC\.gradle\caches\modules-2\files-2.1\net.fabricmc.fabric-api\fabric-resource-loader-v1\2.0.13+9edec1269e\db19bb66f069d7ed3dde41eb7e1f9ff3122c15a4\fabric-resource-loader-v1-2.0.13+9edec1269e.jar to classpath.
[23:27:04] [main/DEBUG] (FabricLoader/Knot) Adding C:\Users\PC\.gradle\caches\modules-2\files-2.1\net.fabricmc.fabric-api\fabric-events-interaction-v0\5.2.8+515ac5339e\98650380bb4e65a3deb6254e7c10a171eb907477\fabric-events-interaction-v0-5.2.8+515ac5339e.jar to classpath.
[23:27:04] [main/DEBUG] (FabricLoader/Knot) Adding C:\Users\PC\.gradle\caches\modules-2\files-2.1\net.fabricmc.fabric-api\fabric-creative-tab-api-v1\5.0.15+6468574f9e\b8896143a3467ad9eeff3bda41fb787bc080019e\fabric-creative-tab-api-v1-5.0.15+6468574f9e.jar to classpath.
[23:27:04] [main/DEBUG] (FabricLoader/Knot) Adding C:\Users\PC\.gradle\caches\modules-2\files-2.1\net.fabricmc.fabric-api\fabric-command-api-v2\3.1.0+00cb03469e\b144d197307c39c1bc516c274d9460f0116131a3\fabric-command-api-v2-3.1.0+00cb03469e.jar to classpath.
[23:27:04] [main/DEBUG] (FabricLoader/Knot) Adding C:\Users\PC\.gradle\caches\modules-2\files-2.1\net.fabricmc.fabric-api\fabric-transfer-api-v1\8.0.13+11dbb7d79e\10f39a4b46043bc724c7ea3b93bcc0243e592abb\fabric-transfer-api-v1-8.0.13+11dbb7d79e.jar to classpath.
[23:27:04] [main/DEBUG] (FabricLoader/Knot) Adding C:\Users\PC\.gradle\caches\modules-2\files-2.1\net.fabricmc.fabric-api\fabric-data-generation-api-v1\25.6.0+c0da0b829e\6b314081c5999c2094b6a92323c055d59bf7e639\fabric-data-generation-api-v1-25.6.0+c0da0b829e.jar to classpath.
[23:27:04] [main/DEBUG] (FabricLoader/Knot) Adding C:\Users\PC\.gradle\caches\modules-2\files-2.1\net.fabricmc.fabric-api\fabric-content-registries-v0\11.3.2+37b1aa249e\6f664a04bd603be3564b614caafa898e2fc9c67c\fabric-content-registries-v0-11.3.2+37b1aa249e.jar to classpath.
[23:27:04] [main/DEBUG] (FabricLoader/Knot) Adding C:\Users\PC\.gradle\caches\modules-2\files-2.1\net.fabricmc.fabric-api\fabric-api\0.161.0+26.2\332da34ebb72171e603a0c538de17f4c54ea9e29\fabric-api-0.161.0+26.2.jar to classpath.
[23:27:04] [main/DEBUG] (FabricLoader/Knot) Adding C:\Users\PC\.gradle\caches\modules-2\files-2.1\net.fabricmc.fabric-api\fabric-serialization-api-v1\2.0.4+11a26f319e\ebf77996be79909f639a7352689d851385a9cd2b\fabric-serialization-api-v1-2.0.4+11a26f319e.jar to classpath.
[23:27:04] [main/DEBUG] (FabricLoader/Knot) Adding C:\Users\PC\.gradle\caches\modules-2\files-2.1\net.fabricmc.fabric-api\fabric-screen-api-v1\5.2.1+5087f8249e\ef9ad9a09f392eff05957c24c71e4da6797bb8d9\fabric-screen-api-v1-5.2.1+5087f8249e.jar to classpath.
[23:27:04] [main/DEBUG] (FabricLoader/Knot) Adding C:\Users\PC\.gradle\caches\modules-2\files-2.1\net.fabricmc.fabric-api\fabric-crash-report-info-v1\1.0.5+086d547a9e\119f48a9a648d86c89fe21444176d0032449d95c\fabric-crash-report-info-v1-1.0.5+086d547a9e.jar to classpath.
[23:27:04] [main/DEBUG] (FabricLoader/Knot) Adding C:\Users\PC\.gradle\caches\modules-2\files-2.1\net.fabricmc.fabric-api\fabric-data-attachment-api-v1\2.2.19+515ac5339e\6ac7e37bdfaf6b9fc26be152d01daa0f95d799a2\fabric-data-attachment-api-v1-2.2.19+515ac5339e.jar to classpath.
[23:27:04] [main/DEBUG] (FabricLoader/Knot) Adding C:\Users\PC\.gradle\caches\modules-2\files-2.1\net.fabricmc.fabric-api\fabric-block-getter-api-v2\2.0.7+ec56b6019e\8204045ca262749761be09b144618e6c4133ebe1\fabric-block-getter-api-v2-2.0.7+ec56b6019e.jar to classpath.
[23:27:04] [main/DEBUG] (FabricLoader/Knot) Adding C:\Users\PC\.gradle\caches\modules-2\files-2.1\net.fabricmc.fabric-api\fabric-resource-conditions-api-v1\6.1.0+10e9a28b9e\bfe91afa0e7712974b318ed7e274b493b038a596\fabric-resource-conditions-api-v1-6.1.0+10e9a28b9e.jar to classpath.
[23:27:04] [main/DEBUG] (FabricLoader/Knot) Adding C:\Users\PC\.gradle\caches\modules-2\files-2.1\net.fabricmc.fabric-api\fabric-object-builder-api-v1\24.1.1+6fcd5f039e\90175252776d48f5c549835501e7fa227e68c4c8\fabric-object-builder-api-v1-24.1.1+6fcd5f039e.jar to classpath.
[23:27:04] [main/DEBUG] (FabricLoader/Knot) Adding C:\Users\PC\.gradle\caches\modules-2\files-2.1\net.fabricmc.fabric-api\fabric-message-api-v1\7.0.8+bb2ed3f79e\106dc9ed22970076aaa39cd257b69705d136dd05\fabric-message-api-v1-7.0.8+bb2ed3f79e.jar to classpath.
[23:27:04] [main/DEBUG] (FabricLoader/Knot) Adding C:\Users\PC\.gradle\caches\modules-2\files-2.1\net.fabricmc.fabric-api\fabric-loot-api-v3\3.0.17+06488ac19e\964f3985687b491093db6b9ff87b35106112b74d\fabric-loot-api-v3-3.0.17+06488ac19e.jar to classpath.
[23:27:04] [main/DEBUG] (FabricLoader/Knot) Adding C:\Users\PC\.gradle\caches\modules-2\files-2.1\net.fabricmc.fabric-api\fabric-model-loading-api-v1\8.0.17+c80601bb9e\b7b69be9cac7b63f853bd3c937c1b774c96a13fb\fabric-model-loading-api-v1-8.0.17+c80601bb9e.jar to classpath.
[23:27:04] [main/DEBUG] (FabricLoader/Knot) Adding C:\Users\PC\.gradle\caches\modules-2\files-2.1\net.fabricmc.fabric-api\fabric-client-gametest-api-v1\6.0.2+0f4f1dca9e\f54e52e7af5a41fdcf6715f87d09282b2dc9b0f2\fabric-client-gametest-api-v1-6.0.2+0f4f1dca9e.jar to classpath.
[23:27:04] [main/DEBUG] (FabricLoader/Knot) Adding C:\Users\PC\.gradle\caches\modules-2\files-2.1\net.fabricmc.fabric-api\fabric-gametest-api-v1\4.0.22+4a7fa0819e\3fb91749fe4f238518d2980fdc18454016949190\fabric-gametest-api-v1-4.0.22+4a7fa0819e.jar to classpath.
[23:27:04] [main/DEBUG] (FabricLoader/Knot) Adding C:\Users\PC\.gradle\caches\modules-2\files-2.1\net.fabricmc.fabric-api\fabric-advancement-api-v1\1.0.0+58719a3b9e\4394b4ce7f29690f622da915d780493148b974cb\fabric-advancement-api-v1-1.0.0+58719a3b9e.jar to classpath.
[23:27:04] [main/DEBUG] (FabricLoader/Knot) Adding C:\Users\PC\.gradle\caches\modules-2\files-2.1\net.fabricmc.fabric-api\fabric-tag-api-v1\2.1.4+515ac5339e\f66a24273cdcc2ce424bf8c69cdc9cf48bdcb328\fabric-tag-api-v1-2.1.4+515ac5339e.jar to classpath.
[23:27:04] [main/DEBUG] (FabricLoader/Knot) Adding C:\Users\PC\.gradle\caches\modules-2\files-2.1\net.fabricmc.fabric-api\fabric-particles-v1\5.0.19+d1756aa99e\f6290d6511388b78455e2186d980553879343172\fabric-particles-v1-5.0.19+d1756aa99e.jar to classpath.
[23:27:04] [main/DEBUG] (FabricLoader/Knot) Adding C:\Users\PC\.gradle\caches\modules-2\files-2.1\net.fabricmc.fabric-api\fabric-transitive-access-wideners-v1\8.1.4+67c847259e\e1e769f8e123395ab939d5d8da900e6a6ad53ab2\fabric-transitive-access-wideners-v1-8.1.4+67c847259e.jar to classpath.
[23:27:04] [main/DEBUG] (FabricLoader/Knot) Adding C:\Users\PC\.gradle\caches\modules-2\files-2.1\net.fabricmc.fabric-api\fabric-entity-events-v1\5.0.5+06488ac19e\5cbecb675b91d0ebfe2ef3f20339e1a2c76c435\fabric-entity-events-v1-5.0.5+06488ac19e.jar to classpath.
[23:27:04] [main/DEBUG] (FabricLoader/Knot) Adding C:\Users\PC\.gradle\caches\modules-2\files-2.1\io.github.llamalad7\mixinextras-fabric\0.5.5\d1055b99c0ab08a8403fe2da3d79ca28e6340a76\mixinextras-fabric-0.5.5.jar to classpath.
[23:27:04] [main/DEBUG] (FabricLoader/Knot) Adding C:\Users\PC\.gradle\caches\modules-2\files-2.1\net.fabricmc.fabric-api\fabric-biome-api-v1\18.0.6+c7bd5b8e9e\414c89d2bc8ab64dce1763edc4dbe4619113a5b\fabric-biome-api-v1-18.0.6+c7bd5b8e9e.jar to classpath.
[23:27:04] [main/DEBUG] (FabricLoader/Knot) Adding C:\Users\PC\Desktop\1.20.1\ports\26.2\liquid-ui-library\build\classes\java\main to classpath.
[23:27:04] [main/DEBUG] (FabricLoader/Knot) Adding C:\Users\PC\Desktop\1.20.1\ports\26.2\liquid-ui-library\build\resources\main to classpath.
[23:27:04] [main/DEBUG] (FabricLoader/Knot) Adding C:\Users\PC\.gradle\caches\modules-2\files-2.1\net.fabricmc.fabric-api\fabric-convention-tags-v2\4.7.1+1f023a9e9e\e465c608c60ceb105c4f5d792460f5de02d90135\fabric-convention-tags-v2-4.7.1+1f023a9e9e.jar to classpath.
[23:27:04] [main/DEBUG] (FabricLoader/Entrypoint) Registering new-style initializer net.fabricmc.fabric.impl.networking.client.ClientNetworkingImpl::clientInit for mod fabric-networking-api-v1 (key client)
[23:27:04] [main/DEBUG] (FabricLoader/Entrypoint) Registering new-style initializer net.fabricmc.fabric.impl.networking.CommonPacketsImpl::init for mod fabric-networking-api-v1 (key main)
[23:27:04] [main/DEBUG] (FabricLoader/Entrypoint) Registering new-style initializer net.fabricmc.fabric.impl.networking.NetworkingImpl::init for mod fabric-networking-api-v1 (key main)
[23:27:04] [main/DEBUG] (FabricLoader/Entrypoint) Registering new-style initializer net.fabricmc.fabric.impl.client.renderer.DebugOverlayClient for mod fabric-renderer-api-v1 (key client)
[23:27:04] [main/DEBUG] (FabricLoader/Entrypoint) Registering new-style initializer net.fabricmc.fabric.impl.client.rendering.hud.HudStatusBarHeightRegistryImpl for mod fabric-rendering-v1 (key client)
[23:27:04] [main/DEBUG] (FabricLoader/Entrypoint) Registering new-style initializer net.fabricmc.fabric.impl.client.registry.sync.FabricRegistryClientInit for mod fabric-registry-sync-v0 (key client)
[23:27:04] [main/DEBUG] (FabricLoader/Entrypoint) Registering new-style initializer net.fabricmc.fabric.impl.registry.sync.FabricRegistryInit for mod fabric-registry-sync-v0 (key main)
[23:27:04] [main/DEBUG] (FabricLoader/Entrypoint) Registering new-style initializer net.fabricmc.fabric.impl.menu.client.ClientNetworking for mod fabric-menu-api-v1 (key client)
[23:27:04] [main/DEBUG] (FabricLoader/Entrypoint) Registering new-style initializer net.fabricmc.fabric.impl.menu.Networking for mod fabric-menu-api-v1 (key main)
[23:27:04] [main/DEBUG] (FabricLoader/Entrypoint) Registering new-style initializer net.fabricmc.fabric.impl.client.event.lifecycle.ClientLifecycleEventsImpl for mod fabric-lifecycle-events-v1 (key client)
[23:27:04] [main/DEBUG] (FabricLoader/Entrypoint) Registering new-style initializer net.fabricmc.fabric.impl.event.lifecycle.LifecycleEventsImpl for mod fabric-lifecycle-events-v1 (key main)
[23:27:04] [main/DEBUG] (FabricLoader/Entrypoint) Registering new-style initializer net.fabricmc.fabric.impl.client.indigo.Indigo for mod fabric-renderer-indigo (key client)
[23:27:04] [main/DEBUG] (FabricLoader/Entrypoint) Registering new-style initializer net.fabricmc.fabric.impl.lookup.ApiLookupImpl for mod fabric-api-lookup-api-v1 (key main)
[23:27:04] [main/DEBUG] (FabricLoader/Entrypoint) Registering new-style initializer net.fabricmc.fabric.impl.dimension.DimensionModificationImpl for mod fabric-dimensions-v1 (key main)
[23:27:04] [main/DEBUG] (FabricLoader/Entrypoint) Registering new-style initializer net.fabricmc.fabric.impl.recipe.ingredient.client.CustomIngredientSyncClient for mod fabric-recipe-api-v1 (key client)
[23:27:04] [main/DEBUG] (FabricLoader/Entrypoint) Registering new-style initializer net.fabricmc.fabric.impl.recipe.sync.client.RecipeSyncImplClient for mod fabric-recipe-api-v1 (key client)
[23:27:04] [main/DEBUG] (FabricLoader/Entrypoint) Registering new-style initializer net.fabricmc.fabric.impl.recipe.ingredient.CustomIngredientInit for mod fabric-recipe-api-v1 (key main)
[23:27:04] [main/DEBUG] (FabricLoader/Entrypoint) Registering new-style initializer net.fabricmc.fabric.impl.recipe.ingredient.CustomIngredientSync for mod fabric-recipe-api-v1 (key main)
[23:27:04] [main/DEBUG] (FabricLoader/Entrypoint) Registering new-style initializer net.fabricmc.fabric.impl.recipe.sync.RecipeSyncImpl for mod fabric-recipe-api-v1 (key main)
[23:27:04] [main/DEBUG] (FabricLoader/Entrypoint) Registering new-style initializer net.fabricmc.fabric.impl.event.interaction.InteractionEventsRouter for mod fabric-events-interaction-v0 (key main)
[23:27:04] [main/DEBUG] (FabricLoader/Entrypoint) Registering new-style initializer net.fabricmc.fabric.impl.attachment.client.AttachmentSyncClient for mod fabric-data-attachment-api-v1 (key client)
[23:27:04] [main/DEBUG] (FabricLoader/Entrypoint) Registering new-style initializer net.fabricmc.fabric.impl.attachment.AttachmentEntrypoint for mod fabric-data-attachment-api-v1 (key main)
[23:27:04] [main/DEBUG] (FabricLoader/Entrypoint) Registering new-style initializer net.fabricmc.fabric.impl.attachment.sync.AttachmentSync for mod fabric-data-attachment-api-v1 (key main)
[23:27:04] [main/DEBUG] (FabricLoader/Entrypoint) Registering new-style initializer net.fabricmc.fabric.impl.resource.conditions.ResourceConditionsImpl for mod fabric-resource-conditions-api-v1 (key main)
[23:27:04] [main/DEBUG] (FabricLoader/Entrypoint) Registering new-style initializer net.fabricmc.fabric.impl.client.model.loading.CustomUnbakedBlockStateModelInit for mod fabric-model-loading-api-v1 (key client)
[23:27:04] [main/DEBUG] (FabricLoader/Entrypoint) Registering new-style initializer net.fabricmc.fabric.impl.client.gametest.FabricClientGameTestImpl for mod fabric-client-gametest-api-v1 (key client)
[23:27:04] [main/DEBUG] (FabricLoader/Entrypoint) Registering new-style initializer net.fabricmc.fabric.impl.gametest.FabricGameTestModInitializer for mod fabric-gametest-api-v1 (key main)
[23:27:04] [main/DEBUG] (FabricLoader/Entrypoint) Registering new-style initializer net.fabricmc.fabric.impl.tag.TagInit for mod fabric-tag-api-v1 (key main)
[23:27:04] [main/DEBUG] (FabricLoader/Entrypoint) Registering new-style initializer net.fabricmc.fabric.impl.client.particle.ExtendedBlockParticleOptionSyncClient for mod fabric-particles-v1 (key client)
[23:27:04] [main/DEBUG] (FabricLoader/Entrypoint) Registering new-style initializer net.fabricmc.fabric.impl.particle.ExtendedBlockParticleOptionSync for mod fabric-particles-v1 (key main)
[23:27:04] [main/DEBUG] (FabricLoader/Entrypoint) Registering new-style initializer liquidui.client.LiquidUiLibraryClient for mod liquid_ui_library (key client)
[23:27:04] [main/DEBUG] (FabricLoader/Entrypoint) Registering new-style initializer net.fabricmc.fabric.impl.tag.convention.v2.TranslationConventionLogWarnings for mod fabric-convention-tags-v2 (key main)
[23:27:04] [main/INFO] (FabricLoader/Mixin) SpongePowered MIXIN Subsystem Version=0.8.7 Source=file:/C:/Users/PC/.gradle/caches/modules-2/files-2.1/net.fabricmc/sponge-mixin/0.17.4+mixin.0.8.7/5f66cc9f59b8efaa942155a3d5a30599bf6640dd/sponge-mixin-0.17.4+mixin.0.8.7.jar Service=Knot/Fabric Env=CLIENT
[23:27:04] [main/DEBUG] (FabricLoader/Mixin) Initialising Mixin Platform Manager
[23:27:04] [main/DEBUG] (FabricLoader/Mixin) Adding mixin platform agents for container ContainerHandleURI(file:///C:/Users/PC/.gradle/caches/modules-2/files-2.1/net.fabricmc/fabric-loader/0.19.5/ff9e65cffca4a67f31523e1807fe0855940fcbfa/fabric-loader-0.19.5.jar)
[23:27:04] [main/DEBUG] (FabricLoader/Mixin) Instancing new MixinPlatformAgentDefault for ContainerHandleURI(file:///C:/Users/PC/.gradle/caches/modules-2/files-2.1/net.fabricmc/fabric-loader/0.19.5/ff9e65cffca4a67f31523e1807fe0855940fcbfa/fabric-loader-0.19.5.jar)
[23:27:04] [main/DEBUG] (FabricLoader/Mixin) MixinPlatformAgentDefault accepted container ContainerHandleURI(file:///C:/Users/PC/.gradle/caches/modules-2/files-2.1/net.fabricmc/fabric-loader/0.19.5/ff9e65cffca4a67f31523e1807fe0855940fcbfa/fabric-loader-0.19.5.jar)
[23:27:04] [main/DEBUG] (FabricLoader/Mixin) Instancing new MixinPlatformAgentDefault for ContainerHandleURI(file:///C:/Users/PC/.gradle/caches/modules-2/files-2.1/net.fabricmc/fabric-loader/0.19.5/ff9e65cffca4a67f31523e1807fe0855940fcbfa/fabric-loader-0.19.5.jar)
[23:27:04] [main/DEBUG] (FabricLoader/Mixin) MixinPlatformAgentDefault accepted container ContainerHandleURI(file:///C:/Users/PC/.gradle/caches/modules-2/files-2.1/net.fabricmc/fabric-loader/0.19.5/ff9e65cffca4a67f31523e1807fe0855940fcbfa/fabric-loader-0.19.5.jar)
[23:27:04] [main/DEBUG] (FabricLoader/Mixin) Processing prepare() for PlatformAgent[MixinPlatformAgentDefault:ContainerHandleURI(file:///C:/Users/PC/.gradle/caches/modules-2/files-2.1/net.fabricmc/fabric-loader/0.19.5/ff9e65cffca4a67f31523e1807fe0855940fcbfa/fabric-loader-0.19.5.jar)]
[23:27:04] [main/DEBUG] (FabricLoader/Mixin) Processing prepare() for PlatformAgent[MixinPlatformAgentDefault:ContainerHandleURI(file:///C:/Users/PC/.gradle/caches/modules-2/files-2.1/net.fabricmc/fabric-loader/0.19.5/ff9e65cffca4a67f31523e1807fe0855940fcbfa/fabric-loader-0.19.5.jar)]
[23:27:04] [main/DEBUG] (FabricLoader/Mixin) Compatibility level JAVA_25 specified by fabric-networking-api-v1.mixins.json is higher than the maximum level supported by this version of mixin (JAVA_13).
[23:27:04] [main/DEBUG] (FabricLoader/Mixin) Compatibility level set to JAVA_25
[23:27:04] [main/DEBUG] (FabricLoader/Mixin) Mixin config fabric-networking-api-v1.mixins.json does not specify "minVersion" or "requiredFeatures" property
[23:27:04] [main/DEBUG] (FabricLoader/Mixin) Mixin config fabric-networking-api-v1.client.mixins.json does not specify "minVersion" or "requiredFeatures" property
[23:27:04] [main/DEBUG] (FabricLoader/Mixin) Mixin config fabric-key-mapping-api-v1.mixins.json does not specify "minVersion" or "requiredFeatures" property
[23:27:04] [main/DEBUG] (FabricLoader/Mixin) Mixin config fabric-sound-api-v1.mixins.json does not specify "minVersion" or "requiredFeatures" property
[23:27:04] [main/DEBUG] (FabricLoader/Mixin) Mixin config fabric-block-api-v1.mixins.json does not specify "minVersion" or "requiredFeatures" property
[23:27:04] [main/DEBUG] (FabricLoader/Mixin) Mixin config fabric-item-api-v1.mixins.json does not specify "minVersion" or "requiredFeatures" property
[23:27:04] [main/DEBUG] (FabricLoader/Mixin) Mixin config fabric-item-api-v1.client.mixins.json does not specify "minVersion" or "requiredFeatures" property
[23:27:04] [main/DEBUG] (FabricLoader/Mixin) Mixin config fabric-renderer-api-v1.mixins.json does not specify "minVersion" or "requiredFeatures" property
[23:27:04] [main/DEBUG] (FabricLoader/Mixin) Mixin config fabric-rendering-v1.mixins.json does not specify "minVersion" or "requiredFeatures" property
[23:27:04] [main/DEBUG] (FabricLoader/Mixin) Mixin config fabric-registry-sync-v0.mixins.json does not specify "minVersion" or "requiredFeatures" property
[23:27:04] [main/DEBUG] (FabricLoader/Mixin) Mixin config fabric-registry-sync-v0.client.mixins.json does not specify "minVersion" or "requiredFeatures" property
[23:27:04] [main/DEBUG] (FabricLoader/Mixin) Mixin config fabric-debug-api-v1.mixins.json does not specify "minVersion" or "requiredFeatures" property
[23:27:04] [main/DEBUG] (FabricLoader/Mixin) Mixin config fabric-debug-api-v1.client.mixins.json does not specify "minVersion" or "requiredFeatures" property
[23:27:04] [main/DEBUG] (FabricLoader/Mixin) Mixin config fabric-menu-api-v1.mixins.json does not specify "minVersion" or "requiredFeatures" property
[23:27:04] [main/DEBUG] (FabricLoader/Mixin) Mixin config fabric-permission-api-v1.mixins.json does not specify "minVersion" or "requiredFeatures" property
[23:27:04] [main/DEBUG] (FabricLoader/Mixin) Mixin config fabric-lifecycle-events-v1.mixins.json does not specify "minVersion" or "requiredFeatures" property
[23:27:04] [main/DEBUG] (FabricLoader/Mixin) Mixin config fabric-lifecycle-events-v1.client.mixins.json does not specify "minVersion" or "requiredFeatures" property
[23:27:04] [main/DEBUG] (FabricLoader/Mixin) Mixin config fabric-renderer-indigo.mixins.json does not specify "minVersion" or "requiredFeatures" property
[23:27:04] [main/DEBUG] (FabricLoader/Mixin) Mixin config fabric-api-lookup-api-v1.mixins.json does not specify "minVersion" or "requiredFeatures" property
[23:27:04] [main/DEBUG] (FabricLoader/Mixin) Mixin config fabric-game-rule-api-v1.mixins.json does not specify "minVersion" or "requiredFeatures" property
[23:27:04] [main/DEBUG] (FabricLoader/Mixin) Mixin config fabric-game-rule-api-v1.client.mixins.json does not specify "minVersion" or "requiredFeatures" property
[23:27:04] [main/DEBUG] (FabricLoader/Mixin) Mixin config fabric-dimensions-v1.mixins.json does not specify "minVersion" or "requiredFeatures" property
[23:27:04] [main/DEBUG] (FabricLoader/Mixin) Mixin config fabric-recipe-api-v1.mixins.json does not specify "minVersion" or "requiredFeatures" property
[23:27:04] [main/DEBUG] (FabricLoader/Mixin) Mixin config fabric-recipe-api-v1.client.mixins.json does not specify "minVersion" or "requiredFeatures" property
[23:27:04] [main/DEBUG] (FabricLoader/Mixin) Mixin config fabric-rendering-fluids-v1.mixins.json does not specify "minVersion" or "requiredFeatures" property
[23:27:04] [main/DEBUG] (FabricLoader/Mixin) Mixin config fabric-resource-loader-v1.mixins.json does not specify "minVersion" or "requiredFeatures" property
[23:27:04] [main/DEBUG] (FabricLoader/Mixin) Mixin config fabric-resource-loader-v1.client.mixins.json does not specify "minVersion" or "requiredFeatures" property
[23:27:04] [main/DEBUG] (FabricLoader/Mixin) Mixin config fabric-events-interaction-v0.mixins.json does not specify "minVersion" or "requiredFeatures" property
[23:27:04] [main/DEBUG] (FabricLoader/Mixin) Mixin config fabric-events-interaction-v0.client.mixins.json does not specify "minVersion" or "requiredFeatures" property
[23:27:04] [main/DEBUG] (FabricLoader/Mixin) Mixin config fabric-creative-tab-api-v1.mixins.json does not specify "minVersion" or "requiredFeatures" property
[23:27:04] [main/DEBUG] (FabricLoader/Mixin) Mixin config fabric-creative-tab-api-v1.client.mixins.json does not specify "minVersion" or "requiredFeatures" property
[23:27:04] [main/DEBUG] (FabricLoader/Mixin) Mixin config fabric-command-api-v2.mixins.json does not specify "minVersion" or "requiredFeatures" property
[23:27:04] [main/DEBUG] (FabricLoader/Mixin) Mixin config fabric-command-api-v2.client.mixins.json does not specify "minVersion" or "requiredFeatures" property
[23:27:04] [main/DEBUG] (FabricLoader/Mixin) Mixin config fabric-transfer-api-v1.mixins.json does not specify "minVersion" or "requiredFeatures" property
[23:27:04] [main/DEBUG] (FabricLoader/Mixin) Mixin config fabric-data-generation-api-v1.mixins.json does not specify "minVersion" or "requiredFeatures" property
[23:27:04] [main/DEBUG] (FabricLoader/Mixin) Mixin config fabric-data-generation-api-v1.client.mixins.json does not specify "minVersion" or "requiredFeatures" property
[23:27:04] [main/DEBUG] (FabricLoader/Mixin) Mixin config fabric-content-registries-v0.mixins.json does not specify "minVersion" or "requiredFeatures" property
[23:27:04] [main/DEBUG] (FabricLoader/Mixin) Mixin config fabric-content-registries-v0.client.mixins.json does not specify "minVersion" or "requiredFeatures" property
[23:27:04] [main/DEBUG] (FabricLoader/Mixin) Mixin config fabric-serialization-api-v1.mixins.json does not specify "minVersion" or "requiredFeatures" property
[23:27:04] [main/DEBUG] (FabricLoader/Mixin) Mixin config fabric-screen-api-v1.mixins.json does not specify "minVersion" or "requiredFeatures" property
[23:27:04] [main/DEBUG] (FabricLoader/Mixin) Mixin config fabric-crash-report-info-v1.mixins.json does not specify "minVersion" or "requiredFeatures" property
[23:27:04] [main/DEBUG] (FabricLoader/Mixin) Mixin config fabric-data-attachment-api-v1.mixins.json does not specify "minVersion" or "requiredFeatures" property
[23:27:04] [main/DEBUG] (FabricLoader/Mixin) Mixin config fabric-data-attachment-api-v1.client.mixins.json does not specify "minVersion" or "requiredFeatures" property
[23:27:04] [main/DEBUG] (FabricLoader/Mixin) Mixin config fabric-block-getter-api-v2.mixins.json does not specify "minVersion" or "requiredFeatures" property
[23:27:04] [main/DEBUG] (FabricLoader/Mixin) Mixin config fabric-block-getter-api-v2.client.mixins.json does not specify "minVersion" or "requiredFeatures" property
[23:27:04] [main/DEBUG] (FabricLoader/Mixin) Mixin config fabric-resource-conditions-api-v1.mixins.json does not specify "minVersion" or "requiredFeatures" property
[23:27:04] [main/DEBUG] (FabricLoader/Mixin) Mixin config fabric-object-builder-v1.mixins.json does not specify "minVersion" or "requiredFeatures" property
[23:27:04] [main/DEBUG] (FabricLoader/Mixin) Mixin config fabric-object-builder-v1.client.mixins.json does not specify "minVersion" or "requiredFeatures" property
[23:27:04] [main/DEBUG] (FabricLoader/Mixin) Mixin config fabric-message-api-v1.mixins.json does not specify "minVersion" or "requiredFeatures" property
[23:27:04] [main/DEBUG] (FabricLoader/Mixin) Mixin config fabric-message-api-v1.client.mixins.json does not specify "minVersion" or "requiredFeatures" property
[23:27:04] [main/DEBUG] (FabricLoader/Mixin) Mixin config fabric-loot-api-v3.mixins.json does not specify "minVersion" or "requiredFeatures" property
[23:27:04] [main/DEBUG] (FabricLoader/Mixin) Mixin config fabric-model-loading-api-v1.mixins.json does not specify "minVersion" or "requiredFeatures" property
[23:27:04] [main/DEBUG] (FabricLoader/Mixin) Mixin config fabric-client-gametest-api-v1.mixins.json does not specify "minVersion" or "requiredFeatures" property
[23:27:04] [main/DEBUG] (FabricLoader/Mixin) Mixin config fabric-gametest-api-v1.mixins.json does not specify "minVersion" or "requiredFeatures" property
[23:27:04] [main/DEBUG] (FabricLoader/Mixin) Mixin config fabric-advancement-api-v1.mixins.json does not specify "minVersion" or "requiredFeatures" property
[23:27:04] [main/DEBUG] (FabricLoader/Mixin) Mixin config fabric-tag-api-v1.mixins.json does not specify "minVersion" or "requiredFeatures" property
[23:27:04] [main/DEBUG] (FabricLoader/Mixin) Mixin config fabric-particles-v1.mixins.json does not specify "minVersion" or "requiredFeatures" property
[23:27:04] [main/DEBUG] (FabricLoader/Mixin) Mixin config fabric-particles-v1.client.mixins.json does not specify "minVersion" or "requiredFeatures" property
[23:27:04] [main/DEBUG] (FabricLoader/Mixin) Mixin config fabric-entity-events-v1.mixins.json does not specify "minVersion" or "requiredFeatures" property
[23:27:04] [main/DEBUG] (FabricLoader/Mixin) Mixin config fabric-biome-api-v1.mixins.json does not specify "minVersion" or "requiredFeatures" property
[23:27:04] [main/DEBUG] (FabricLoader/Mixin) Mixin config fabric-convention-tags-api-v2.mixins.json does not specify "minVersion" or "requiredFeatures" property
[23:27:04] [main/DEBUG] (FabricLoader/Knot) Adding C:\Users\PC\Desktop\1.20.1\ports\26.2\.gradle\loom-cache\minecraftMaven\net\minecraft\minecraft-merged-201bed67e3\26.2\minecraft-merged-201bed67e3-26.2.jar to classpath.
[23:27:04] [main/DEBUG] (FabricLoader/Knot) Adding C:\Users\PC\Desktop\1.20.1\ports\26.2\liquid-ui-library\build\classes\java\main to classpath.
[23:27:04] [main/DEBUG] (FabricLoader/Knot) Adding C:\Users\PC\Desktop\1.20.1\ports\26.2\liquid-ui-library\build\resources\main to classpath.
[23:27:04] [main/DEBUG] (FabricLoader/Knot) Adding C:\Users\PC\.gradle\caches\modules-2\files-2.1\net.fabricmc.fabric-api\fabric-api\0.161.0+26.2\332da34ebb72171e603a0c538de17f4c54ea9e29\fabric-api-0.161.0+26.2.jar to classpath.
[23:27:04] [main/DEBUG] (FabricLoader/Knot) Adding C:\Users\PC\.gradle\caches\modules-2\files-2.1\io.github.llamalad7\mixinextras-fabric\0.5.5\d1055b99c0ab08a8403fe2da3d79ca28e6340a76\mixinextras-fabric-0.5.5.jar to classpath.
[23:27:04] [main/DEBUG] (FabricLoader/Knot) Adding C:\Users\PC\.gradle\caches\modules-2\files-2.1\net.fabricmc\dev-launch-injector\0.2.1+build.8\da8bef7e6e2f952da707f282bdb46882a0fce5e3\dev-launch-injector-0.2.1+build.8.jar to classpath.
[23:27:04] [main/DEBUG] (FabricLoader/Knot) Adding C:\Users\PC\.gradle\caches\modules-2\files-2.1\at.yawk.lz4\lz4-java\1.10.1\f541d7f910fe3d76f38f799c507c48cc81b12ecb\lz4-java-1.10.1.jar to classpath.
[23:27:04] [main/DEBUG] (FabricLoader/Knot) Adding C:\Users\PC\.gradle\caches\modules-2\files-2.1\com.azure\azure-json\1.4.0\fcc1d354dbc3e0300e5276b1bf124d0247799cd8\azure-json-1.4.0.jar to classpath.
[23:27:04] [main/DEBUG] (FabricLoader/Knot) Adding C:\Users\PC\.gradle\caches\modules-2\files-2.1\com.github.oshi\oshi-core\6.9.0\3224870731860cfcd7744581a05b559e94291e7\oshi-core-6.9.0.jar to classpath.
[23:27:04] [main/DEBUG] (FabricLoader/Knot) Adding C:\Users\PC\.gradle\caches\modules-2\files-2.1\com.google.guava\failureaccess\1.0.3\aeaffd00d57023a2c947393ed251f0354f0985fc\failureaccess-1.0.3.jar to classpath.
[23:27:04] [main/DEBUG] (FabricLoader/Knot) Adding C:\Users\PC\.gradle\caches\modules-2\files-2.1\com.google.guava\guava\33.6.0-jre\c376b13067cc99a5774403530953f7b05a91e218\guava-33.6.0-jre.jar to classpath.
[23:27:04] [main/DEBUG] (FabricLoader/Knot) Adding C:\Users\PC\.gradle\caches\modules-2\files-2.1\com.ibm.icu\icu4j\78.3\6a851a53bb1f25689fc418dcc8935b0d93580adf\icu4j-78.3.jar to classpath.
[23:27:04] [main/DEBUG] (FabricLoader/Knot) Adding C:\Users\PC\.gradle\caches\modules-2\files-2.1\com.microsoft.azure\msal4j\1.24.1\c233f2d047b9755f7041adf21a858c680e4c9242\msal4j-1.24.1.jar to classpath.
[23:27:04] [main/DEBUG] (FabricLoader/Knot) Adding C:\Users\PC\.gradle\caches\modules-2\files-2.1\com.mojang\blocklist\1.0.10\5c685c5ffa94c4cd39496c7184c1d122e515ecef\blocklist-1.0.10.jar to classpath.
[23:27:04] [main/DEBUG] (FabricLoader/Knot) Adding C:\Users\PC\.gradle\caches\modules-2\files-2.1\com.mojang\brigadier\1.3.10\d15b53a14cf20fdcaa98f731af5dda654452c010\brigadier-1.3.10.jar to classpath.
[23:27:04] [main/DEBUG] (FabricLoader/Knot) Adding C:\Users\PC\.gradle\caches\modules-2\files-2.1\com.mojang\datafixerupper\10.0.21\b6b2ae770c02e0c1eb90f9985b151e9085a38d0b\datafixerupper-10.0.21.jar to classpath.
[23:27:04] [main/DEBUG] (FabricLoader/Knot) Adding C:\Users\PC\.gradle\caches\modules-2\files-2.1\com.mojang\jtracy\1.0.37\a3fb649b2e2b2288d2978f0b0bc3d83f62809d1e\jtracy-1.0.37.jar to classpath.
[23:27:04] [main/DEBUG] (FabricLoader/Knot) Adding C:\Users\PC\.gradle\caches\modules-2\files-2.1\com.mojang\jtracy\1.0.37\6ff6d710fd4ffd470f2799653fab57e27fed0c9d\jtracy-1.0.37-natives-windows.jar to classpath.
[23:27:04] [main/DEBUG] (FabricLoader/Knot) Adding C:\Users\PC\.gradle\caches\modules-2\files-2.1\com.mojang\patchy\2.2.10\da05971b07cbb379d002cf7eaec6a2048211fefc\patchy-2.2.10.jar to classpath.
[23:27:04] [main/DEBUG] (FabricLoader/Knot) Adding C:\Users\PC\.gradle\caches\modules-2\files-2.1\com.mojang\text2speech\1.19.12\2e517a75c79d34d32de2b5d68422150836c2133e\text2speech-1.19.12.jar to classpath.
[23:27:04] [main/DEBUG] (FabricLoader/Knot) Adding C:\Users\PC\.gradle\caches\modules-2\files-2.1\commons-codec\commons-codec\1.22.0\6b3eb4beb7058c2a638f5f17bcb388649fd339dd\commons-codec-1.22.0.jar to classpath.
[23:27:04] [main/DEBUG] (FabricLoader/Knot) Adding C:\Users\PC\.gradle\caches\modules-2\files-2.1\commons-io\commons-io\2.20.0\36f3474daec2849c149e877614e7f979b2082cd2\commons-io-2.20.0.jar to classpath.
[23:27:04] [main/DEBUG] (FabricLoader/Knot) Adding C:\Users\PC\.gradle\caches\modules-2\files-2.1\io.netty\netty-buffer\4.2.15.Final\2beb620803bf871cda2dd5d46b8f831e8015dd34\netty-buffer-4.2.15.Final.jar to classpath.
[23:27:04] [main/DEBUG] (FabricLoader/Knot) Adding C:\Users\PC\.gradle\caches\modules-2\files-2.1\io.netty\netty-codec-base\4.2.15.Final\e97149fdd5fb04858efa90e314651c8d700dc68b\netty-codec-base-4.2.15.Final.jar to classpath.
[23:27:04] [main/DEBUG] (FabricLoader/Knot) Adding C:\Users\PC\.gradle\caches\modules-2\files-2.1\io.netty\netty-codec-compression\4.2.15.Final\89fc4a20b7ae6af974304b1695405e62c4f9b16d\netty-codec-compression-4.2.15.Final.jar to classpath.
[23:27:04] [main/DEBUG] (FabricLoader/Knot) Adding C:\Users\PC\.gradle\caches\modules-2\files-2.1\io.netty\netty-codec-http\4.2.15.Final\e611826aa054371bb9a17f27bdb05755a4cac5f0\netty-codec-http-4.2.15.Final.jar to classpath.
[23:27:04] [main/DEBUG] (FabricLoader/Knot) Adding C:\Users\PC\.gradle\caches\modules-2\files-2.1\io.netty\netty-common\4.2.15.Final\7222492c1af9c2d4d78d521eea340a619e242fda\netty-common-4.2.15.Final.jar to classpath.
[23:27:04] [main/DEBUG] (FabricLoader/Knot) Adding C:\Users\PC\.gradle\caches\modules-2\files-2.1\io.netty\netty-handler\4.2.15.Final\d5344afd1148e3b9927a74be019605ebb0937a93\netty-handler-4.2.15.Final.jar to classpath.
[23:27:04] [main/DEBUG] (FabricLoader/Knot) Adding C:\Users\PC\.gradle\caches\modules-2\files-2.1\io.netty\netty-resolver\4.2.15.Final\b961a16d379b508b473e064ba06842bba280f4e3\netty-resolver-4.2.15.Final.jar to classpath.
[23:27:04] [main/DEBUG] (FabricLoader/Knot) Adding C:\Users\PC\.gradle\caches\modules-2\files-2.1\io.netty\netty-transport-classes-epoll\4.2.15.Final\44bafba9c9993800e955b365bba4981326f3f3b1\netty-transport-classes-epoll-4.2.15.Final.jar to classpath.
[23:27:04] [main/DEBUG] (FabricLoader/Knot) Adding C:\Users\PC\.gradle\caches\modules-2\files-2.1\io.netty\netty-transport-classes-kqueue\4.2.15.Final\f248656bb907607c5a41c7b61fd918a97db79250\netty-transport-classes-kqueue-4.2.15.Final.jar to classpath.
[23:27:04] [main/DEBUG] (FabricLoader/Knot) Adding C:\Users\PC\.gradle\caches\modules-2\files-2.1\io.netty\netty-transport-native-unix-common\4.2.15.Final\efb6943b4de9e0226a5ac35330f232605424af02\netty-transport-native-unix-common-4.2.15.Final.jar to classpath.
[23:27:04] [main/DEBUG] (FabricLoader/Knot) Adding C:\Users\PC\.gradle\caches\modules-2\files-2.1\io.netty\netty-transport\4.2.15.Final\a000c3a6196ee40207b73ac619dcb339409dd62f\netty-transport-4.2.15.Final.jar to classpath.
[23:27:04] [main/DEBUG] (FabricLoader/Knot) Adding C:\Users\PC\.gradle\caches\modules-2\files-2.1\it.unimi.dsi\fastutil\8.5.18\a6cff377eecc19c2037bf31568a6d7106b50ba1f\fastutil-8.5.18.jar to classpath.
[23:27:04] [main/DEBUG] (FabricLoader/Knot) Adding C:\Users\PC\.gradle\caches\modules-2\files-2.1\net.java.dev.jna\jna-platform\5.17.0\a4934c44d25a9d8c2ddf4203affd20330cb3426f\jna-platform-5.17.0.jar to classpath.
[23:27:04] [main/DEBUG] (FabricLoader/Knot) Adding C:\Users\PC\.gradle\caches\modules-2\files-2.1\net.java.dev.jna\jna\5.17.0\33d12735bef894440780fce64f9758d420c7bae2\jna-5.17.0.jar to classpath.
[23:27:04] [main/DEBUG] (FabricLoader/Knot) Adding C:\Users\PC\.gradle\caches\modules-2\files-2.1\net.sf.jopt-simple\jopt-simple\5.0.4\4fdac2fbe92dfad86aa6e9301736f6b4342a3f5c\jopt-simple-5.0.4.jar to classpath.
[23:27:04] [main/DEBUG] (FabricLoader/Knot) Adding C:\Users\PC\.gradle\caches\modules-2\files-2.1\org.apache.commons\commons-compress\1.28.0\e482f2c7a88dac3c497e96aa420b6a769f59c8d7\commons-compress-1.28.0.jar to classpath.
[23:27:04] [main/DEBUG] (FabricLoader/Knot) Adding C:\Users\PC\.gradle\caches\modules-2\files-2.1\org.apache.commons\commons-lang3\3.20.0\65897b3e5731220962e659e001904af3c3cbeba9\commons-lang3-3.20.0.jar to classpath.
[23:27:04] [main/DEBUG] (FabricLoader/Knot) Adding C:\Users\PC\.gradle\caches\modules-2\files-2.1\org.jcraft\jorbis\0.0.17\8872d22b293e8f5d7d56ff92be966e6dc28ebdc6\jorbis-0.0.17.jar to classpath.
[23:27:04] [main/DEBUG] (FabricLoader/Knot) Adding C:\Users\PC\.gradle\caches\modules-2\files-2.1\org.joml\joml\1.10.8\fc0a71dad90a2cf41d82a76156a0e700af8e4f8d\joml-1.10.8.jar to classpath.
[23:27:04] [main/DEBUG] (FabricLoader/Knot) Adding C:\Users\PC\.gradle\caches\modules-2\files-2.1\org.jspecify\jspecify\1.0.0\7425a601c1c7ec76645a78d22b8c6a627edee507\jspecify-1.0.0.jar to classpath.
[23:27:04] [main/DEBUG] (FabricLoader/Knot) Adding C:\Users\PC\.gradle\caches\modules-2\files-2.1\org.lwjgl\lwjgl-freetype\3.4.1\caa75a37e857efc9b0686e434d708d6420c5b6ea\lwjgl-freetype-3.4.1.jar to classpath.
[23:27:04] [main/DEBUG] (FabricLoader/Knot) Adding C:\Users\PC\.gradle\caches\modules-2\files-2.1\org.lwjgl\lwjgl-freetype\3.4.1\32fc9cfd236aca5433d53af78bfb15f1b4c1103e\lwjgl-freetype-3.4.1-natives-windows.jar to classpath.
[23:27:04] [main/DEBUG] (FabricLoader/Knot) Adding C:\Users\PC\.gradle\caches\modules-2\files-2.1\org.lwjgl\lwjgl-freetype\3.4.1\a677b4a7bba84f925b4cc4f52a58c5248974bdeb\lwjgl-freetype-3.4.1-natives-windows-arm64.jar to classpath.
[23:27:04] [main/DEBUG] (FabricLoader/Knot) Adding C:\Users\PC\.gradle\caches\modules-2\files-2.1\org.lwjgl\lwjgl-freetype\3.4.1\81431d868bcf162d4c915b9c39b2c7aae155ad4f\lwjgl-freetype-3.4.1-natives-windows-x86.jar to classpath.
[23:27:04] [main/DEBUG] (FabricLoader/Knot) Adding C:\Users\PC\.gradle\caches\modules-2\files-2.1\org.lwjgl\lwjgl-glfw\3.4.1\a782b1ddd175c9107bf300fd92920579ea65e2a4\lwjgl-glfw-3.4.1.jar to classpath.
[23:27:04] [main/DEBUG] (FabricLoader/Knot) Adding C:\Users\PC\.gradle\caches\modules-2\files-2.1\org.lwjgl\lwjgl-glfw\3.4.1\2eb4aa895ea190ba8cf4356f8cea24d3ebb40ea1\lwjgl-glfw-3.4.1-natives-windows.jar to classpath.
[23:27:04] [main/DEBUG] (FabricLoader/Knot) Adding C:\Users\PC\.gradle\caches\modules-2\files-2.1\org.lwjgl\lwjgl-glfw\3.4.1\196101d96d9b2aa73264a96ae1dc8944a1446cee\lwjgl-glfw-3.4.1-natives-windows-arm64.jar to classpath.
[23:27:04] [main/DEBUG] (FabricLoader/Knot) Adding C:\Users\PC\.gradle\caches\modules-2\files-2.1\org.lwjgl\lwjgl-glfw\3.4.1\a48bbdd544f00c88f8906e9d09e3f31bc1c17fac\lwjgl-glfw-3.4.1-natives-windows-x86.jar to classpath.
[23:27:04] [main/DEBUG] (FabricLoader/Knot) Adding C:\Users\PC\.gradle\caches\modules-2\files-2.1\org.lwjgl\lwjgl-jemalloc\3.4.1\16b663092854fc6adfe0a941e61cae2bb2e437b6\lwjgl-jemalloc-3.4.1.jar to classpath.
[23:27:04] [main/DEBUG] (FabricLoader/Knot) Adding C:\Users\PC\.gradle\caches\modules-2\files-2.1\org.lwjgl\lwjgl-jemalloc\3.4.1\70db8048d1aca8a6365f46f9963b8d6cd77b9e94\lwjgl-jemalloc-3.4.1-natives-windows.jar to classpath.
[23:27:04] [main/DEBUG] (FabricLoader/Knot) Adding C:\Users\PC\.gradle\caches\modules-2\files-2.1\org.lwjgl\lwjgl-jemalloc\3.4.1\662e0926dd990f679e1cfb31d710d22d175bdabc\lwjgl-jemalloc-3.4.1-natives-windows-arm64.jar to classpath.
[23:27:04] [main/DEBUG] (FabricLoader/Knot) Adding C:\Users\PC\.gradle\caches\modules-2\files-2.1\org.lwjgl\lwjgl-jemalloc\3.4.1\d8cf69e1155df83260f9bbe01944fe91f8ca3955\lwjgl-jemalloc-3.4.1-natives-windows-x86.jar to classpath.
[23:27:04] [main/DEBUG] (FabricLoader/Knot) Adding C:\Users\PC\.gradle\caches\modules-2\files-2.1\org.lwjgl\lwjgl-openal\3.4.1\8508bd60589de0539aa465b78fcf838efd07ae9a\lwjgl-openal-3.4.1.jar to classpath.
[23:27:04] [main/DEBUG] (FabricLoader/Knot) Adding C:\Users\PC\.gradle\caches\modules-2\files-2.1\org.lwjgl\lwjgl-openal\3.4.1\8e83fdfdf65c80c9877c6fb6cb645d239ed7638\lwjgl-openal-3.4.1-natives-windows.jar to classpath.
[23:27:04] [main/DEBUG] (FabricLoader/Knot) Adding C:\Users\PC\.gradle\caches\modules-2\files-2.1\org.lwjgl\lwjgl-openal\3.4.1\4b996cc3321a807ee34e7ce53aba7fe529dc485a\lwjgl-openal-3.4.1-natives-windows-arm64.jar to classpath.
[23:27:04] [main/DEBUG] (FabricLoader/Knot) Adding C:\Users\PC\.gradle\caches\modules-2\files-2.1\org.lwjgl\lwjgl-openal\3.4.1\9e4bab87e9b89876fa77ea3c19e1b45334b97c10\lwjgl-openal-3.4.1-natives-windows-x86.jar to classpath.
[23:27:04] [main/DEBUG] (FabricLoader/Knot) Adding C:\Users\PC\.gradle\caches\modules-2\files-2.1\org.lwjgl\lwjgl-opengl\3.4.1\830412cab823c029cda6b9729f9d2ed36cf79959\lwjgl-opengl-3.4.1.jar to classpath.
[23:27:04] [main/DEBUG] (FabricLoader/Knot) Adding C:\Users\PC\.gradle\caches\modules-2\files-2.1\org.lwjgl\lwjgl-opengl\3.4.1\617f37ef4e2ffb727bd5e74333e8073ef43ca1ec\lwjgl-opengl-3.4.1-natives-windows.jar to classpath.
[23:27:04] [main/DEBUG] (FabricLoader/Knot) Adding C:\Users\PC\.gradle\caches\modules-2\files-2.1\org.lwjgl\lwjgl-opengl\3.4.1\4b6a9c5d7d5325312b740d9886087b7292b43bf9\lwjgl-opengl-3.4.1-natives-windows-arm64.jar to classpath.
[23:27:04] [main/DEBUG] (FabricLoader/Knot) Adding C:\Users\PC\.gradle\caches\modules-2\files-2.1\org.lwjgl\lwjgl-opengl\3.4.1\cfd47352b758a0c9f7046de467b103182ec77eb1\lwjgl-opengl-3.4.1-natives-windows-x86.jar to classpath.
[23:27:04] [main/DEBUG] (FabricLoader/Knot) Adding C:\Users\PC\.gradle\caches\modules-2\files-2.1\org.lwjgl\lwjgl-shaderc\3.4.1\5c02c88f0d879529014c78463b76f43fdecfd272\lwjgl-shaderc-3.4.1.jar to classpath.
[23:27:04] [main/DEBUG] (FabricLoader/Knot) Adding C:\Users\PC\.gradle\caches\modules-2\files-2.1\org.lwjgl\lwjgl-shaderc\3.4.1\daacbaeb2c1dfd00db83f4b7cc2c76901eb297bd\lwjgl-shaderc-3.4.1-natives-windows.jar to classpath.
[23:27:04] [main/DEBUG] (FabricLoader/Knot) Adding C:\Users\PC\.gradle\caches\modules-2\files-2.1\org.lwjgl\lwjgl-shaderc\3.4.1\50884f728fdd7cff33731403fdc53b724ff09c85\lwjgl-shaderc-3.4.1-natives-windows-arm64.jar to classpath.
[23:27:04] [main/DEBUG] (FabricLoader/Knot) Adding C:\Users\PC\.gradle\caches\modules-2\files-2.1\org.lwjgl\lwjgl-shaderc\3.4.1\cd3ab907c096e27a9024917dcab4379e90c7799d\lwjgl-shaderc-3.4.1-natives-windows-x86.jar to classpath.
[23:27:04] [main/DEBUG] (FabricLoader/Knot) Adding C:\Users\PC\.gradle\caches\modules-2\files-2.1\org.lwjgl\lwjgl-spvc\3.4.1\188553592e97b5ab2dba54a1b403ee80b48dad4c\lwjgl-spvc-3.4.1.jar to classpath.
[23:27:04] [main/DEBUG] (FabricLoader/Knot) Adding C:\Users\PC\.gradle\caches\modules-2\files-2.1\org.lwjgl\lwjgl-spvc\3.4.1\b7f14df71a9657103324101f61df09dcfb28cf28\lwjgl-spvc-3.4.1-natives-windows.jar to classpath.
[23:27:04] [main/DEBUG] (FabricLoader/Knot) Adding C:\Users\PC\.gradle\caches\modules-2\files-2.1\org.lwjgl\lwjgl-spvc\3.4.1\a60a8d48822ec9449a5de9b6c50e5ed6ae7e8e9f\lwjgl-spvc-3.4.1-natives-windows-arm64.jar to classpath.
[23:27:04] [main/DEBUG] (FabricLoader/Knot) Adding C:\Users\PC\.gradle\caches\modules-2\files-2.1\org.lwjgl\lwjgl-spvc\3.4.1\cea4bc145dce25e8a436575f9034a7bd142b0528\lwjgl-spvc-3.4.1-natives-windows-x86.jar to classpath.
[23:27:04] [main/DEBUG] (FabricLoader/Knot) Adding C:\Users\PC\.gradle\caches\modules-2\files-2.1\org.lwjgl\lwjgl-stb\3.4.1\f077c3dafc31924fbe8acb0b913f08977ba27f8e\lwjgl-stb-3.4.1.jar to classpath.
[23:27:04] [main/DEBUG] (FabricLoader/Knot) Adding C:\Users\PC\.gradle\caches\modules-2\files-2.1\org.lwjgl\lwjgl-stb\3.4.1\b4e13ece83c228ecf57354639d8555076a989d74\lwjgl-stb-3.4.1-natives-windows.jar to classpath.
[23:27:04] [main/DEBUG] (FabricLoader/Knot) Adding C:\Users\PC\.gradle\caches\modules-2\files-2.1\org.lwjgl\lwjgl-stb\3.4.1\7f4c39b3d56c7bae4900ee6e59d8f75432bdb18f\lwjgl-stb-3.4.1-natives-windows-arm64.jar to classpath.
[23:27:04] [main/DEBUG] (FabricLoader/Knot) Adding C:\Users\PC\.gradle\caches\modules-2\files-2.1\org.lwjgl\lwjgl-stb\3.4.1\e091cd3b25ab7db88f0e34a0d2797dc396a528fa\lwjgl-stb-3.4.1-natives-windows-x86.jar to classpath.
[23:27:04] [main/DEBUG] (FabricLoader/Knot) Adding C:\Users\PC\.gradle\caches\modules-2\files-2.1\org.lwjgl\lwjgl-tinyfd\3.4.1\562697d40dbd2ed0424bf24dcf65d51170f81adf\lwjgl-tinyfd-3.4.1.jar to classpath.
[23:27:04] [main/DEBUG] (FabricLoader/Knot) Adding C:\Users\PC\.gradle\caches\modules-2\files-2.1\org.lwjgl\lwjgl-tinyfd\3.4.1\bdd8c03151cc94460247986f843d134ae8f9406a\lwjgl-tinyfd-3.4.1-natives-windows.jar to classpath.
[23:27:04] [main/DEBUG] (FabricLoader/Knot) Adding C:\Users\PC\.gradle\caches\modules-2\files-2.1\org.lwjgl\lwjgl-tinyfd\3.4.1\9c93b8211856bfe682f3225ccac811e74243f98e\lwjgl-tinyfd-3.4.1-natives-windows-arm64.jar to classpath.
[23:27:04] [main/DEBUG] (FabricLoader/Knot) Adding C:\Users\PC\.gradle\caches\modules-2\files-2.1\org.lwjgl\lwjgl-tinyfd\3.4.1\f585da74a17695ba38351697712c03784ee1348b\lwjgl-tinyfd-3.4.1-natives-windows-x86.jar to classpath.
[23:27:04] [main/DEBUG] (FabricLoader/Knot) Adding C:\Users\PC\.gradle\caches\modules-2\files-2.1\org.lwjgl\lwjgl-vma\3.4.1\2c54ce10154feb1ede4d23c5947438cdbfdcc003\lwjgl-vma-3.4.1.jar to classpath.
[23:27:04] [main/DEBUG] (FabricLoader/Knot) Adding C:\Users\PC\.gradle\caches\modules-2\files-2.1\org.lwjgl\lwjgl-vma\3.4.1\4f08490dbd8f9e08385c9f2040ff1f40c2a762d2\lwjgl-vma-3.4.1-natives-windows.jar to classpath.
[23:27:04] [main/DEBUG] (FabricLoader/Knot) Adding C:\Users\PC\.gradle\caches\modules-2\files-2.1\org.lwjgl\lwjgl-vma\3.4.1\bfbf1a41c54641f396ba42541075f5db517c7ad9\lwjgl-vma-3.4.1-natives-windows-arm64.jar to classpath.
[23:27:04] [main/DEBUG] (FabricLoader/Knot) Adding C:\Users\PC\.gradle\caches\modules-2\files-2.1\org.lwjgl\lwjgl-vma\3.4.1\c6abacce75eeb8e23bd88ad89faf233be6e053c3\lwjgl-vma-3.4.1-natives-windows-x86.jar to classpath.
[23:27:04] [main/DEBUG] (FabricLoader/Knot) Adding C:\Users\PC\.gradle\caches\modules-2\files-2.1\org.lwjgl\lwjgl-vulkan\3.4.1\d0601fdc38890755e5638048c14cc0f7b990964b\lwjgl-vulkan-3.4.1.jar to classpath.
[23:27:04] [main/DEBUG] (FabricLoader/Knot) Adding C:\Users\PC\.gradle\caches\modules-2\files-2.1\org.lwjgl\lwjgl\3.4.1\129e06a04f93992cb2a45172435b21fc4b60dd7d\lwjgl-3.4.1-unsafe.jar to classpath.
[23:27:04] [main/DEBUG] (FabricLoader/Knot) Adding C:\Users\PC\.gradle\caches\modules-2\files-2.1\org.lwjgl\lwjgl\3.4.1\96a217f0428ab73487f114a54179a4f41e851a04\lwjgl-3.4.1-natives-windows.jar to classpath.
[23:27:04] [main/DEBUG] (FabricLoader/Knot) Adding C:\Users\PC\.gradle\caches\modules-2\files-2.1\org.lwjgl\lwjgl\3.4.1\d1d3a7052da47ccde2a5fdf3a1bd45d801c3157c\lwjgl-3.4.1-natives-windows-arm64.jar to classpath.
[23:27:04] [main/DEBUG] (FabricLoader/Knot) Adding C:\Users\PC\.gradle\caches\modules-2\files-2.1\org.lwjgl\lwjgl\3.4.1\65de43bd52507e108a58247c0da57a50ce3ee6f6\lwjgl-3.4.1-natives-windows-x86.jar to classpath.
[23:27:04] [main/DEBUG] (FabricLoader/Knot) Adding C:\Users\PC\.gradle\caches\modules-2\files-2.1\io.netty\netty-transport-native-epoll\4.2.15.Final\ce256127f8ed3f076756f1f4dcb5877d65d1f1c2\netty-transport-native-epoll-4.2.15.Final-linux-x86_64.jar to classpath.
[23:27:04] [main/DEBUG] (FabricLoader/Knot) Adding C:\Users\PC\.gradle\caches\modules-2\files-2.1\io.netty\netty-transport-native-epoll\4.2.15.Final\cccd31f2c8e966ab1e7a4d2293c8a3965628fe73\netty-transport-native-epoll-4.2.15.Final-linux-aarch_64.jar to classpath.
[23:27:04] [main/DEBUG] (FabricLoader/Knot) Adding C:\Users\PC\.gradle\caches\modules-2\files-2.1\io.netty\netty-transport-native-kqueue\4.2.15.Final\4245380831515fb4eca18d32477a27fbb8f7b8f4\netty-transport-native-kqueue-4.2.15.Final-osx-x86_64.jar to classpath.
[23:27:04] [main/DEBUG] (FabricLoader/Knot) Adding C:\Users\PC\.gradle\caches\modules-2\files-2.1\io.netty\netty-transport-native-kqueue\4.2.15.Final\8ea0ef3eb716d821332e4b4926825a4b7c1a6d38\netty-transport-native-kqueue-4.2.15.Final-osx-aarch_64.jar to classpath.
[23:27:04] [main/DEBUG] (FabricLoader/Knot) Adding C:\Users\PC\.gradle\caches\modules-2\files-2.1\net.fabricmc.fabric-api\fabric-advancement-api-v1\1.0.0+58719a3b9e\4394b4ce7f29690f622da915d780493148b974cb\fabric-advancement-api-v1-1.0.0+58719a3b9e.jar to classpath.
[23:27:04] [main/DEBUG] (FabricLoader/Knot) Adding C:\Users\PC\.gradle\caches\modules-2\files-2.1\net.fabricmc.fabric-api\fabric-transfer-api-v1\8.0.13+11dbb7d79e\10f39a4b46043bc724c7ea3b93bcc0243e592abb\fabric-transfer-api-v1-8.0.13+11dbb7d79e.jar to classpath.
[23:27:04] [main/DEBUG] (FabricLoader/Knot) Adding C:\Users\PC\.gradle\caches\modules-2\files-2.1\net.fabricmc.fabric-api\fabric-api-lookup-api-v1\2.0.18+11e1c9a39e\31fc094d5f4d878ed12bba2e5e8cdb42b26d83ae\fabric-api-lookup-api-v1-2.0.18+11e1c9a39e.jar to classpath.
[23:27:04] [main/DEBUG] (FabricLoader/Knot) Adding C:\Users\PC\.gradle\caches\modules-2\files-2.1\net.fabricmc.fabric-api\fabric-block-api-v1\3.1.0+53515aab9e\46cf7e7564fbbb13d099c3fe1b065561f14e268f\fabric-block-api-v1-3.1.0+53515aab9e.jar to classpath.
[23:27:04] [main/DEBUG] (FabricLoader/Knot) Adding C:\Users\PC\.gradle\caches\modules-2\files-2.1\net.fabricmc.fabric-api\fabric-command-api-v2\3.1.0+00cb03469e\b144d197307c39c1bc516c274d9460f0116131a3\fabric-command-api-v2-3.1.0+00cb03469e.jar to classpath.
[23:27:04] [main/DEBUG] (FabricLoader/Knot) Adding C:\Users\PC\.gradle\caches\modules-2\files-2.1\net.fabricmc.fabric-api\fabric-content-registries-v0\11.3.2+37b1aa249e\6f664a04bd603be3564b614caafa898e2fc9c67c\fabric-content-registries-v0-11.3.2+37b1aa249e.jar to classpath.
[23:27:04] [main/DEBUG] (FabricLoader/Knot) Adding C:\Users\PC\.gradle\caches\modules-2\files-2.1\net.fabricmc.fabric-api\fabric-data-generation-api-v1\25.6.0+c0da0b829e\6b314081c5999c2094b6a92323c055d59bf7e639\fabric-data-generation-api-v1-25.6.0+c0da0b829e.jar to classpath.
[23:27:04] [main/DEBUG] (FabricLoader/Knot) Adding C:\Users\PC\.gradle\caches\modules-2\files-2.1\net.fabricmc.fabric-api\fabric-convention-tags-v2\4.7.1+1f023a9e9e\e465c608c60ceb105c4f5d792460f5de02d90135\fabric-convention-tags-v2-4.7.1+1f023a9e9e.jar to classpath.
[23:27:04] [main/DEBUG] (FabricLoader/Knot) Adding C:\Users\PC\.gradle\caches\modules-2\files-2.1\net.fabricmc.fabric-api\fabric-creative-tab-api-v1\5.0.15+6468574f9e\b8896143a3467ad9eeff3bda41fb787bc080019e\fabric-creative-tab-api-v1-5.0.15+6468574f9e.jar to classpath.
[23:27:04] [main/DEBUG] (FabricLoader/Knot) Adding C:\Users\PC\.gradle\caches\modules-2\files-2.1\net.fabricmc.fabric-api\fabric-data-attachment-api-v1\2.2.19+515ac5339e\6ac7e37bdfaf6b9fc26be152d01daa0f95d799a2\fabric-data-attachment-api-v1-2.2.19+515ac5339e.jar to classpath.
[23:27:04] [main/DEBUG] (FabricLoader/Knot) Adding C:\Users\PC\.gradle\caches\modules-2\files-2.1\net.fabricmc.fabric-api\fabric-debug-api-v1\1.0.2+c792624d9e\9f0581bb985edf22a0d812dbe67178bd2849286\fabric-debug-api-v1-1.0.2+c792624d9e.jar to classpath.
[23:27:04] [main/DEBUG] (FabricLoader/Knot) Adding C:\Users\PC\.gradle\caches\modules-2\files-2.1\net.fabricmc.fabric-api\fabric-dimensions-v1\5.1.12+515ac5339e\b9d60e3ceee08f0fbc6f19fe8264c82c5fc2d122\fabric-dimensions-v1-5.1.12+515ac5339e.jar to classpath.
[23:27:04] [main/DEBUG] (FabricLoader/Knot) Adding C:\Users\PC\.gradle\caches\modules-2\files-2.1\net.fabricmc.fabric-api\fabric-entity-events-v1\5.0.5+06488ac19e\5cbecb675b91d0ebfe2ef3f20339e1a2c76c435\fabric-entity-events-v1-5.0.5+06488ac19e.jar to classpath.
[23:27:04] [main/DEBUG] (FabricLoader/Knot) Adding C:\Users\PC\.gradle\caches\modules-2\files-2.1\net.fabricmc.fabric-api\fabric-events-interaction-v0\5.2.8+515ac5339e\98650380bb4e65a3deb6254e7c10a171eb907477\fabric-events-interaction-v0-5.2.8+515ac5339e.jar to classpath.
[23:27:04] [main/DEBUG] (FabricLoader/Knot) Adding C:\Users\PC\.gradle\caches\modules-2\files-2.1\net.fabricmc.fabric-api\fabric-game-rule-api-v1\4.0.8+46a6d00c9e\886816530fb79c925eb1bc6c34dd4d9d82e71d49\fabric-game-rule-api-v1-4.0.8+46a6d00c9e.jar to classpath.
[23:27:04] [main/DEBUG] (FabricLoader/Knot) Adding C:\Users\PC\.gradle\caches\modules-2\files-2.1\net.fabricmc.fabric-api\fabric-gametest-api-v1\4.0.22+4a7fa0819e\3fb91749fe4f238518d2980fdc18454016949190\fabric-gametest-api-v1-4.0.22+4a7fa0819e.jar to classpath.
[23:27:04] [main/DEBUG] (FabricLoader/Knot) Adding C:\Users\PC\.gradle\caches\modules-2\files-2.1\net.fabricmc.fabric-api\fabric-item-api-v1\14.5.0+c68f6cbe9e\c2d241b01e3c083637adb17c2c8ff798cb752d5a\fabric-item-api-v1-14.5.0+c68f6cbe9e.jar to classpath.
[23:27:04] [main/DEBUG] (FabricLoader/Knot) Adding C:\Users\PC\.gradle\caches\modules-2\files-2.1\net.fabricmc.fabric-api\fabric-recipe-api-v1\9.0.22+11e1c9a39e\e756703eda39613f8d638521829b673c92276604\fabric-recipe-api-v1-9.0.22+11e1c9a39e.jar to classpath.
[23:27:04] [main/DEBUG] (FabricLoader/Knot) Adding C:\Users\PC\.gradle\caches\modules-2\files-2.1\net.fabricmc.fabric-api\fabric-model-loading-api-v1\8.0.17+c80601bb9e\b7b69be9cac7b63f853bd3c937c1b774c96a13fb\fabric-model-loading-api-v1-8.0.17+c80601bb9e.jar to classpath.
[23:27:04] [main/DEBUG] (FabricLoader/Knot) Adding C:\Users\PC\.gradle\caches\modules-2\files-2.1\net.fabricmc.fabric-api\fabric-renderer-indigo\9.1.4+2b0d8a229e\48cdf540bd670fe9333a74dd1570316180d10ab3\fabric-renderer-indigo-9.1.4+2b0d8a229e.jar to classpath.
[23:27:04] [main/DEBUG] (FabricLoader/Knot) Adding C:\Users\PC\.gradle\caches\modules-2\files-2.1\net.fabricmc.fabric-api\fabric-renderer-api-v1\14.1.4+2b0d8a229e\f6a6d234cc1073ffb871150d548d2164f8bc8d0b\fabric-renderer-api-v1-14.1.4+2b0d8a229e.jar to classpath.
[23:27:04] [main/DEBUG] (FabricLoader/Knot) Adding C:\Users\PC\.gradle\caches\modules-2\files-2.1\net.fabricmc.fabric-api\fabric-rendering-v1\25.3.3+515ac5339e\b970a6d778b9867d6ea13d5437193f1e86a19c55\fabric-rendering-v1-25.3.3+515ac5339e.jar to classpath.
[23:27:04] [main/DEBUG] (FabricLoader/Knot) Adding C:\Users\PC\.gradle\caches\modules-2\files-2.1\net.fabricmc.fabric-api\fabric-lifecycle-events-v1\4.1.4+29b6eb019e\54a508470dcea81513e39001b5c0bf9fae0f1d5\fabric-lifecycle-events-v1-4.1.4+29b6eb019e.jar to classpath.
[23:27:04] [main/DEBUG] (FabricLoader/Knot) Adding C:\Users\PC\.gradle\caches\modules-2\files-2.1\net.fabricmc.fabric-api\fabric-loot-api-v3\3.0.17+06488ac19e\964f3985687b491093db6b9ff87b35106112b74d\fabric-loot-api-v3-3.0.17+06488ac19e.jar to classpath.
[23:27:04] [main/DEBUG] (FabricLoader/Knot) Adding C:\Users\PC\.gradle\caches\modules-2\files-2.1\net.fabricmc.fabric-api\fabric-menu-api-v1\2.0.17+086d547a9e\2d35d55e2aa842d5eec1f9262a74074385c69cfb\fabric-menu-api-v1-2.0.17+086d547a9e.jar to classpath.
[23:27:04] [main/DEBUG] (FabricLoader/Knot) Adding C:\Users\PC\.gradle\caches\modules-2\files-2.1\net.fabricmc.fabric-api\fabric-message-api-v1\7.0.8+bb2ed3f79e\106dc9ed22970076aaa39cd257b69705d136dd05\fabric-message-api-v1-7.0.8+bb2ed3f79e.jar to classpath.
[23:27:04] [main/DEBUG] (FabricLoader/Knot) Adding C:\Users\PC\.gradle\caches\modules-2\files-2.1\net.fabricmc.fabric-api\fabric-client-gametest-api-v1\6.0.2+0f4f1dca9e\f54e52e7af5a41fdcf6715f87d09282b2dc9b0f2\fabric-client-gametest-api-v1-6.0.2+0f4f1dca9e.jar to classpath.
[23:27:04] [main/DEBUG] (FabricLoader/Knot) Adding C:\Users\PC\.gradle\caches\modules-2\files-2.1\net.fabricmc.fabric-api\fabric-particles-v1\5.0.19+d1756aa99e\f6290d6511388b78455e2186d980553879343172\fabric-particles-v1-5.0.19+d1756aa99e.jar to classpath.
[23:27:04] [main/DEBUG] (FabricLoader/Knot) Adding C:\Users\PC\.gradle\caches\modules-2\files-2.1\net.fabricmc.fabric-api\fabric-object-builder-api-v1\24.1.1+6fcd5f039e\90175252776d48f5c549835501e7fa227e68c4c8\fabric-object-builder-api-v1-24.1.1+6fcd5f039e.jar to classpath.
[23:27:04] [main/DEBUG] (FabricLoader/Knot) Adding C:\Users\PC\.gradle\caches\modules-2\files-2.1\net.fabricmc.fabric-api\fabric-registry-sync-v0\7.1.1+c7bd5b8e9e\82c1ce3885265deb0c15970d4abadf0ae055a539\fabric-registry-sync-v0-7.1.1+c7bd5b8e9e.jar to classpath.
[23:27:04] [main/DEBUG] (FabricLoader/Knot) Adding C:\Users\PC\.gradle\caches\modules-2\files-2.1\net.fabricmc.fabric-api\fabric-networking-api-v1\6.3.4+2989c6a09e\608860809ec66fd65ca764c4157e96030f330537\fabric-networking-api-v1-6.3.4+2989c6a09e.jar to classpath.
[23:27:04] [main/DEBUG] (FabricLoader/Knot) Adding C:\Users\PC\.gradle\caches\modules-2\files-2.1\net.fabricmc.fabric-api\fabric-permission-api-v1\1.0.5+e442d8d09e\92197dd81a18322fd36b87de79bdaa8d2b4a1ba9\fabric-permission-api-v1-1.0.5+e442d8d09e.jar to classpath.
[23:27:04] [main/DEBUG] (FabricLoader/Knot) Adding C:\Users\PC\.gradle\caches\modules-2\files-2.1\net.fabricmc.fabric-api\fabric-rendering-fluids-v1\6.0.4+06488ac19e\9ded3bc73b5ff3c441075d0c8eca988aacce1f1f\fabric-rendering-fluids-v1-6.0.4+06488ac19e.jar to classpath.
[23:27:04] [main/DEBUG] (FabricLoader/Knot) Adding C:\Users\PC\.gradle\caches\modules-2\files-2.1\net.fabricmc.fabric-api\fabric-tag-api-v1\2.1.4+515ac5339e\f66a24273cdcc2ce424bf8c69cdc9cf48bdcb328\fabric-tag-api-v1-2.1.4+515ac5339e.jar to classpath.
[23:27:04] [main/DEBUG] (FabricLoader/Knot) Adding C:\Users\PC\.gradle\caches\modules-2\files-2.1\net.fabricmc.fabric-api\fabric-resource-loader-v0\3.3.20+4fc5413f9e\c6551ab905383f3c8e046a403a78a25bebabaff0\fabric-resource-loader-v0-3.3.20+4fc5413f9e.jar to classpath.
[23:27:04] [main/DEBUG] (FabricLoader/Knot) Adding C:\Users\PC\.gradle\caches\modules-2\files-2.1\net.fabricmc.fabric-api\fabric-resource-loader-v1\2.0.13+9edec1269e\db19bb66f069d7ed3dde41eb7e1f9ff3122c15a4\fabric-resource-loader-v1-2.0.13+9edec1269e.jar to classpath.
[23:27:04] [main/DEBUG] (FabricLoader/Knot) Adding C:\Users\PC\.gradle\caches\modules-2\files-2.1\net.fabricmc.fabric-api\fabric-screen-api-v1\5.2.1+5087f8249e\ef9ad9a09f392eff05957c24c71e4da6797bb8d9\fabric-screen-api-v1-5.2.1+5087f8249e.jar to classpath.
[23:27:04] [main/DEBUG] (FabricLoader/Knot) Adding C:\Users\PC\.gradle\caches\modules-2\files-2.1\net.fabricmc.fabric-api\fabric-api-base\2.0.4+ece063239e\e766f3698b7bab8b1e13683040f8648fab511ca3\fabric-api-base-2.0.4+ece063239e.jar to classpath.
[23:27:04] [main/DEBUG] (FabricLoader/Knot) Adding C:\Users\PC\.gradle\caches\modules-2\files-2.1\net.fabricmc.fabric-api\fabric-biome-api-v1\18.0.6+c7bd5b8e9e\414c89d2bc8ab64dce1763edc4dbe4619113a5b\fabric-biome-api-v1-18.0.6+c7bd5b8e9e.jar to classpath.
[23:27:04] [main/DEBUG] (FabricLoader/Knot) Adding C:\Users\PC\.gradle\caches\modules-2\files-2.1\net.fabricmc.fabric-api\fabric-block-getter-api-v2\2.0.7+ec56b6019e\8204045ca262749761be09b144618e6c4133ebe1\fabric-block-getter-api-v2-2.0.7+ec56b6019e.jar to classpath.
[23:27:04] [main/DEBUG] (FabricLoader/Knot) Adding C:\Users\PC\.gradle\caches\modules-2\files-2.1\net.fabricmc.fabric-api\fabric-crash-report-info-v1\1.0.5+086d547a9e\119f48a9a648d86c89fe21444176d0032449d95c\fabric-crash-report-info-v1-1.0.5+086d547a9e.jar to classpath.
[23:27:04] [main/DEBUG] (FabricLoader/Knot) Adding C:\Users\PC\.gradle\caches\modules-2\files-2.1\net.fabricmc.fabric-api\fabric-key-mapping-api-v1\2.0.5+e2bdee789e\c86dc688a7e9caa7edca9973dc6abfe37c652135\fabric-key-mapping-api-v1-2.0.5+e2bdee789e.jar to classpath.
[23:27:04] [main/DEBUG] (FabricLoader/Knot) Adding C:\Users\PC\.gradle\caches\modules-2\files-2.1\net.fabricmc.fabric-api\fabric-resource-conditions-api-v1\6.1.0+10e9a28b9e\bfe91afa0e7712974b318ed7e274b493b038a596\fabric-resource-conditions-api-v1-6.1.0+10e9a28b9e.jar to classpath.
[23:27:04] [main/DEBUG] (FabricLoader/Knot) Adding C:\Users\PC\.gradle\caches\modules-2\files-2.1\net.fabricmc.fabric-api\fabric-serialization-api-v1\2.0.4+11a26f319e\ebf77996be79909f639a7352689d851385a9cd2b\fabric-serialization-api-v1-2.0.4+11a26f319e.jar to classpath.
[23:27:04] [main/DEBUG] (FabricLoader/Knot) Adding C:\Users\PC\.gradle\caches\modules-2\files-2.1\net.fabricmc.fabric-api\fabric-sound-api-v1\2.0.5+11a26f319e\73e4e62924608e1d1581f192607857db096dafe7\fabric-sound-api-v1-2.0.5+11a26f319e.jar to classpath.
[23:27:04] [main/DEBUG] (FabricLoader/Knot) Adding C:\Users\PC\.gradle\caches\modules-2\files-2.1\net.fabricmc.fabric-api\fabric-transitive-access-wideners-v1\8.1.4+67c847259e\e1e769f8e123395ab939d5d8da900e6a6ad53ab2\fabric-transitive-access-wideners-v1-8.1.4+67c847259e.jar to classpath.
[23:27:04] [main/DEBUG] (FabricLoader/Entrypoint) No subscribers for entrypoint 'preLaunch'
[23:27:04] [main/DEBUG] (FabricLoader/Mixin) Preparing mixins for MixinEnvironment[DEFAULT]
[23:27:04] [main/DEBUG] (FabricLoader/Mixin) Selecting config fabric-networking-api-v1.mixins.json
[23:27:04] [main/DEBUG] (FabricLoader/Mixin) Selecting config fabric-networking-api-v1.client.mixins.json
[23:27:04] [main/DEBUG] (FabricLoader/Mixin) Selecting config fabric-key-mapping-api-v1.mixins.json
[23:27:04] [main/DEBUG] (FabricLoader/Mixin) Selecting config fabric-sound-api-v1.mixins.json
[23:27:04] [main/DEBUG] (FabricLoader/Mixin) Selecting config fabric-block-api-v1.mixins.json
[23:27:04] [main/DEBUG] (FabricLoader/Mixin) Selecting config fabric-item-api-v1.mixins.json
[23:27:04] [main/DEBUG] (FabricLoader/Mixin) Selecting config fabric-item-api-v1.client.mixins.json
[23:27:04] [main/DEBUG] (FabricLoader/Mixin) Selecting config fabric-renderer-api-v1.mixins.json
[23:27:04] [main/DEBUG] (FabricLoader/Mixin) Selecting config fabric-rendering-v1.mixins.json
[23:27:04] [main/DEBUG] (FabricLoader/Mixin) Selecting config fabric-registry-sync-v0.mixins.json
[23:27:04] [main/DEBUG] (FabricLoader/Mixin) Selecting config fabric-registry-sync-v0.client.mixins.json
[23:27:04] [main/DEBUG] (FabricLoader/Mixin) Selecting config fabric-debug-api-v1.mixins.json
[23:27:04] [main/DEBUG] (FabricLoader/Mixin) Selecting config fabric-debug-api-v1.client.mixins.json
[23:27:04] [main/DEBUG] (FabricLoader/Mixin) Selecting config fabric-menu-api-v1.mixins.json
[23:27:04] [main/DEBUG] (FabricLoader/Mixin) Selecting config fabric-permission-api-v1.mixins.json
[23:27:04] [main/DEBUG] (FabricLoader/Mixin) Selecting config fabric-lifecycle-events-v1.mixins.json
[23:27:04] [main/DEBUG] (FabricLoader/Mixin) Selecting config fabric-lifecycle-events-v1.client.mixins.json
[23:27:04] [main/DEBUG] (FabricLoader/Mixin) Selecting config fabric-renderer-indigo.mixins.json
[23:27:04] [main/DEBUG] (FabricLoader/Mixin) Selecting config fabric-api-lookup-api-v1.mixins.json
[23:27:04] [main/DEBUG] (FabricLoader/Mixin) Selecting config fabric-game-rule-api-v1.mixins.json
[23:27:04] [main/DEBUG] (FabricLoader/Mixin) Selecting config fabric-game-rule-api-v1.client.mixins.json
[23:27:04] [main/DEBUG] (FabricLoader/Mixin) Selecting config fabric-dimensions-v1.mixins.json
[23:27:04] [main/DEBUG] (FabricLoader/Mixin) Selecting config fabric-recipe-api-v1.mixins.json
[23:27:04] [main/DEBUG] (FabricLoader/Mixin) Selecting config fabric-recipe-api-v1.client.mixins.json
[23:27:04] [main/DEBUG] (FabricLoader/Mixin) Selecting config fabric-rendering-fluids-v1.mixins.json
[23:27:04] [main/DEBUG] (FabricLoader/Mixin) Selecting config fabric-resource-loader-v1.mixins.json
[23:27:04] [main/DEBUG] (FabricLoader/Mixin) Selecting config fabric-resource-loader-v1.client.mixins.json
[23:27:04] [main/DEBUG] (FabricLoader/Mixin) Selecting config fabric-events-interaction-v0.mixins.json
[23:27:04] [main/DEBUG] (FabricLoader/Mixin) Selecting config fabric-events-interaction-v0.client.mixins.json
[23:27:04] [main/DEBUG] (FabricLoader/Mixin) Selecting config fabric-creative-tab-api-v1.mixins.json
[23:27:04] [main/DEBUG] (FabricLoader/Mixin) Selecting config fabric-creative-tab-api-v1.client.mixins.json
[23:27:04] [main/DEBUG] (FabricLoader/Mixin) Selecting config fabric-command-api-v2.mixins.json
[23:27:04] [main/DEBUG] (FabricLoader/Mixin) Selecting config fabric-command-api-v2.client.mixins.json
[23:27:04] [main/DEBUG] (FabricLoader/Mixin) Selecting config fabric-transfer-api-v1.mixins.json
[23:27:04] [main/DEBUG] (FabricLoader/Mixin) Selecting config fabric-data-generation-api-v1.mixins.json
[23:27:04] [main/DEBUG] (FabricLoader/Mixin) Selecting config fabric-data-generation-api-v1.client.mixins.json
[23:27:04] [main/DEBUG] (FabricLoader/Mixin) Selecting config fabric-content-registries-v0.mixins.json
[23:27:04] [main/DEBUG] (FabricLoader/Mixin) Selecting config fabric-content-registries-v0.client.mixins.json
[23:27:04] [main/DEBUG] (FabricLoader/Mixin) Selecting config fabric-serialization-api-v1.mixins.json
[23:27:04] [main/DEBUG] (FabricLoader/Mixin) Selecting config fabric-screen-api-v1.mixins.json
[23:27:04] [main/DEBUG] (FabricLoader/Mixin) Selecting config fabric-crash-report-info-v1.mixins.json
[23:27:04] [main/DEBUG] (FabricLoader/Mixin) Selecting config fabric-data-attachment-api-v1.mixins.json
[23:27:04] [main/DEBUG] (FabricLoader/Mixin) Selecting config fabric-data-attachment-api-v1.client.mixins.json
[23:27:04] [main/DEBUG] (FabricLoader/Mixin) Selecting config fabric-block-getter-api-v2.mixins.json
[23:27:04] [main/DEBUG] (FabricLoader/Mixin) Selecting config fabric-block-getter-api-v2.client.mixins.json
[23:27:04] [main/DEBUG] (FabricLoader/Mixin) Selecting config fabric-resource-conditions-api-v1.mixins.json
[23:27:04] [main/DEBUG] (FabricLoader/Mixin) Selecting config fabric-object-builder-v1.mixins.json
[23:27:04] [main/DEBUG] (FabricLoader/Mixin) Selecting config fabric-object-builder-v1.client.mixins.json
[23:27:04] [main/DEBUG] (FabricLoader/Mixin) Selecting config fabric-message-api-v1.mixins.json
[23:27:04] [main/DEBUG] (FabricLoader/Mixin) Selecting config fabric-message-api-v1.client.mixins.json
[23:27:04] [main/DEBUG] (FabricLoader/Mixin) Selecting config fabric-loot-api-v3.mixins.json
[23:27:04] [main/DEBUG] (FabricLoader/Mixin) Selecting config fabric-model-loading-api-v1.mixins.json
[23:27:04] [main/DEBUG] (FabricLoader/Mixin) Selecting config fabric-client-gametest-api-v1.mixins.json
[23:27:04] [main/DEBUG] (FabricLoader/Mixin) Selecting config fabric-gametest-api-v1.mixins.json
[23:27:04] [main/DEBUG] (FabricLoader/Mixin) Selecting config fabric-advancement-api-v1.mixins.json
[23:27:04] [main/DEBUG] (FabricLoader/Mixin) Selecting config fabric-tag-api-v1.mixins.json
[23:27:04] [main/DEBUG] (FabricLoader/Mixin) Selecting config fabric-particles-v1.mixins.json
[23:27:04] [main/DEBUG] (FabricLoader/Mixin) Selecting config fabric-particles-v1.client.mixins.json
[23:27:04] [main/DEBUG] (FabricLoader/Mixin) Selecting config fabric-entity-events-v1.mixins.json
[23:27:04] [main/DEBUG] (FabricLoader/Mixin) Selecting config mixinextras.init.mixins.json
[23:27:04] [main/DEBUG] (FabricLoader/MixinExtras|Service) com.llamalad7.mixinextras.service.MixinExtrasServiceImpl(version=0.5.5) is taking over from null
[23:27:04] [main/DEBUG] (FabricLoader/Mixin) Registering new injector for @Inject with org.spongepowered.asm.mixin.injection.struct.CallbackInjectionInfo
[23:27:04] [main/DEBUG] (FabricLoader/Mixin) Registering new injector for @ModifyArg with org.spongepowered.asm.mixin.injection.struct.ModifyArgInjectionInfo
[23:27:04] [main/DEBUG] (FabricLoader/Mixin) Registering new injector for @ModifyArgs with org.spongepowered.asm.mixin.injection.struct.ModifyArgsInjectionInfo
[23:27:04] [main/DEBUG] (FabricLoader/Mixin) Registering new injector for @Redirect with org.spongepowered.asm.mixin.injection.struct.RedirectInjectionInfo
[23:27:04] [main/DEBUG] (FabricLoader/Mixin) Registering new injector for @ModifyVariable with org.spongepowered.asm.mixin.injection.struct.ModifyVariableInjectionInfo
[23:27:04] [main/DEBUG] (FabricLoader/Mixin) Registering new injector for @ModifyConstant with org.spongepowered.asm.mixin.injection.struct.ModifyConstantInjectionInfo
[23:27:04] [main/DEBUG] (FabricLoader/Mixin) Selecting config fabric-biome-api-v1.mixins.json
[23:27:04] [main/DEBUG] (FabricLoader/Mixin) Selecting config fabric-convention-tags-api-v2.mixins.json
[23:27:04] [main/DEBUG] (FabricLoader/Mixin) Preparing fabric-networking-api-v1.mixins.json (28)
[23:27:05] [main/DEBUG] (FabricLoader/Mixin) Preparing fabric-networking-api-v1.client.mixins.json (10)
[23:27:05] [main/DEBUG] (FabricLoader/Mixin) Preparing fabric-key-mapping-api-v1.mixins.json (3)
[23:27:05] [main/DEBUG] (FabricLoader/Mixin) Preparing fabric-sound-api-v1.mixins.json (2)
[23:27:05] [main/DEBUG] (FabricLoader/Mixin) Preparing fabric-block-api-v1.mixins.json (10)
[23:27:05] [main/DEBUG] (FabricLoader/Mixin) Preparing fabric-item-api-v1.mixins.json (19)
[23:27:05] [main/DEBUG] (FabricLoader/Mixin) Preparing fabric-item-api-v1.client.mixins.json (3)
[23:27:05] [main/DEBUG] (FabricLoader/Mixin) Preparing fabric-renderer-api-v1.mixins.json (28)
[23:27:05] [main/DEBUG] (FabricLoader/Mixin) Preparing fabric-rendering-v1.mixins.json (56)
[23:27:05] [main/DEBUG] (FabricLoader/Mixin) Preparing fabric-registry-sync-v0.mixins.json (16)
[23:27:05] [main/DEBUG] (FabricLoader/Mixin) Preparing fabric-registry-sync-v0.client.mixins.json (4)
[23:27:05] [main/DEBUG] (FabricLoader/Mixin) Preparing fabric-debug-api-v1.mixins.json (2)
[23:27:05] [main/DEBUG] (FabricLoader/Mixin) Preparing fabric-debug-api-v1.client.mixins.json (2)
[23:27:05] [main/DEBUG] (FabricLoader/Mixin) Preparing fabric-menu-api-v1.mixins.json (2)
[23:27:05] [main/DEBUG] (FabricLoader/Mixin) Preparing fabric-permission-api-v1.mixins.json (2)
[23:27:05] [main/DEBUG] (FabricLoader/Mixin) Preparing fabric-lifecycle-events-v1.mixins.json (16)
[23:27:05] [main/DEBUG] (FabricLoader/Mixin) Preparing fabric-lifecycle-events-v1.client.mixins.json (7)
[23:27:05] [main/DEBUG] (FabricLoader/Mixin) Preparing fabric-renderer-indigo.mixins.json (2)
[23:27:05] [main/DEBUG] (FabricLoader/Mixin) Preparing fabric-api-lookup-api-v1.mixins.json (2)
[23:27:05] [main/DEBUG] (FabricLoader/Mixin) Preparing fabric-game-rule-api-v1.mixins.json (5)
[23:27:05] [main/DEBUG] (FabricLoader/Mixin) Preparing fabric-game-rule-api-v1.client.mixins.json (3)
[23:27:05] [main/DEBUG] (FabricLoader/Mixin) Preparing fabric-dimensions-v1.mixins.json (7)
[23:27:05] [main/DEBUG] (FabricLoader/Mixin) Preparing fabric-recipe-api-v1.mixins.json (8)
[23:27:06] [main/DEBUG] (FabricLoader/Mixin) Preparing fabric-recipe-api-v1.client.mixins.json (3)
[23:27:06] [main/DEBUG] (FabricLoader/Mixin) Preparing fabric-rendering-fluids-v1.mixins.json (2)
[23:27:06] [main/DEBUG] (FabricLoader/Mixin) Preparing fabric-resource-loader-v1.mixins.json (15)
[23:27:06] [main/DEBUG] (FabricLoader/Mixin) Preparing fabric-resource-loader-v1.client.mixins.json (9)
[23:27:06] [main/DEBUG] (FabricLoader/Mixin) Preparing fabric-events-interaction-v0.mixins.json (8)
[23:27:06] [main/DEBUG] (FabricLoader/Mixin) Preparing fabric-events-interaction-v0.client.mixins.json (4)
[23:27:06] [main/DEBUG] (FabricLoader/Mixin) Preparing fabric-creative-tab-api-v1.mixins.json (3)
[23:27:06] [main/DEBUG] (FabricLoader/Mixin) Preparing fabric-creative-tab-api-v1.client.mixins.json (1)
[23:27:06] [main/DEBUG] (FabricLoader/Mixin) Preparing fabric-command-api-v2.mixins.json (5)
[23:27:06] [main/DEBUG] (FabricLoader/Mixin) Preparing fabric-command-api-v2.client.mixins.json (3)
[23:27:06] [main/DEBUG] (FabricLoader/Mixin) Preparing fabric-transfer-api-v1.mixins.json (18)
[23:27:06] [main/DEBUG] (FabricLoader/Mixin) Preparing fabric-data-generation-api-v1.mixins.json (20)
[23:27:06] [main/DEBUG] (FabricLoader/Mixin) Preparing fabric-data-generation-api-v1.client.mixins.json (4)
[23:27:06] [main/DEBUG] (FabricLoader/Mixin) Preparing fabric-content-registries-v0.mixins.json (26)
[23:27:07] [main/DEBUG] (FabricLoader/Mixin) Preparing fabric-content-registries-v0.client.mixins.json (2)
[23:27:07] [main/DEBUG] (FabricLoader/Mixin) Preparing fabric-serialization-api-v1.mixins.json (4)
[23:27:07] [main/DEBUG] (FabricLoader/Mixin) Preparing fabric-screen-api-v1.mixins.json (8)
[23:27:07] [main/DEBUG] (FabricLoader/Mixin) Preparing fabric-crash-report-info-v1.mixins.json (2)
[23:27:07] [main/DEBUG] (FabricLoader/Mixin) Preparing fabric-data-attachment-api-v1.mixins.json (18)
[23:27:07] [main/DEBUG] (FabricLoader/Mixin) Preparing fabric-data-attachment-api-v1.client.mixins.json (2)
[23:27:07] [main/DEBUG] (FabricLoader/Mixin) Preparing fabric-block-getter-api-v2.mixins.json (3)
[23:27:07] [main/DEBUG] (FabricLoader/Mixin) Preparing fabric-block-getter-api-v2.client.mixins.json (3)
[23:27:07] [main/DEBUG] (FabricLoader/Mixin) Preparing fabric-resource-conditions-api-v1.mixins.json (8)
[23:27:07] [main/DEBUG] (FabricLoader/Mixin) Preparing fabric-object-builder-v1.mixins.json (12)
[23:27:07] [main/DEBUG] (FabricLoader/Mixin) Preparing fabric-object-builder-v1.client.mixins.json (2)
[23:27:07] [main/DEBUG] (FabricLoader/Mixin) Preparing fabric-message-api-v1.mixins.json (2)
[23:27:07] [main/DEBUG] (FabricLoader/Mixin) Preparing fabric-message-api-v1.client.mixins.json (2)
[23:27:07] [main/DEBUG] (FabricLoader/Mixin) Preparing fabric-loot-api-v3.mixins.json (8)
[23:27:07] [main/DEBUG] (FabricLoader/Mixin) Preparing fabric-model-loading-api-v1.mixins.json (6)
[23:27:07] [main/DEBUG] (FabricLoader/Mixin) Preparing fabric-client-gametest-api-v1.mixins.json (25)
[23:27:07] [main/DEBUG] (FabricLoader/Mixin) Preparing fabric-gametest-api-v1.mixins.json (4)
[23:27:07] [main/DEBUG] (FabricLoader/Mixin) Preparing fabric-advancement-api-v1.mixins.json (4)
[23:27:07] [main/DEBUG] (FabricLoader/Mixin) Preparing fabric-tag-api-v1.mixins.json (8)
[23:27:07] [main/DEBUG] (FabricLoader/Mixin) Preparing fabric-particles-v1.mixins.json (8)
[23:27:07] [main/DEBUG] (FabricLoader/Mixin) Preparing fabric-particles-v1.client.mixins.json (4)
[23:27:07] [main/DEBUG] (FabricLoader/Mixin) Preparing fabric-entity-events-v1.mixins.json (13)
[23:27:07] [main/DEBUG] (FabricLoader/Mixin) Preparing mixinextras.init.mixins.json (0)
[23:27:07] [main/DEBUG] (FabricLoader/Mixin) Preparing fabric-biome-api-v1.mixins.json (9)
[23:27:07] [main/DEBUG] (FabricLoader/Mixin) Preparing fabric-convention-tags-api-v2.mixins.json (1)
[23:27:07] [main/DEBUG] (FabricLoader/Mixin) Inner class net/fabricmc/fabric/mixin/client/renderer/block/model/MultiPartModelMixin$1Key in net/fabricmc/fabric/mixin/client/renderer/block/model/MultiPartModelMixin on net/minecraft/client/renderer/block/dispatch/multipart/MultiPartModel gets unique name net/minecraft/client/renderer/block/dispatch/multipart/MultiPartModel$1Key$d4e3290e0bec3848952b79305a2bdde0
[23:27:07] [main/DEBUG] (FabricLoader/Mixin) Inner class net/fabricmc/fabric/mixin/client/renderer/block/render/MovingBlockFeatureRendererMixin$1 in net/fabricmc/fabric/mixin/client/renderer/block/render/MovingBlockFeatureRendererMixin on net/minecraft/client/renderer/feature/MovingBlockFeatureRenderer gets unique name net/minecraft/client/renderer/feature/MovingBlockFeatureRenderer$Anonymous$f26b90aaddd338f3a91348764399f40b
[23:27:07] [main/DEBUG] (FabricLoader/Mixin) Inner class net/fabricmc/fabric/mixin/registry/sync/MappedRegistryMixin$1 in net/fabricmc/fabric/mixin/registry/sync/MappedRegistryMixin on net/minecraft/core/MappedRegistry gets unique name net/minecraft/core/MappedRegistry$Anonymous$0a3f9fa0a200368cad403406b73f8d7f
[23:27:07] [main/DEBUG] (FabricLoader/Mixin) Inner class net/fabricmc/fabric/mixin/creativetab/CreativeModeTabsMixin$1CreativeModeTabPosition in net/fabricmc/fabric/mixin/creativetab/CreativeModeTabsMixin on net/minecraft/world/item/CreativeModeTabs gets unique name net/minecraft/world/item/CreativeModeTabs$1CreativeModeTabPosition$0e98f82501ab3a9692342fe737dd0eec
[23:27:07] [main/DEBUG] (FabricLoader/Mixin) Inner class net/fabricmc/fabric/mixin/transfer/ChiseledBookShelfBlockEntityMixin$1 in net/fabricmc/fabric/mixin/transfer/ChiseledBookShelfBlockEntityMixin on net/minecraft/world/level/block/entity/ChiseledBookShelfBlockEntity gets unique name net/minecraft/world/level/block/entity/ChiseledBookShelfBlockEntity$Anonymous$6b8fabc9a3dd3f94be74f1199f97fdb5
[23:27:08] [main/DEBUG] (FabricLoader/Mixin) Inner class net/fabricmc/fabric/mixin/gametest/StructureTemplateManagerMixin$1 in net/fabricmc/fabric/mixin/gametest/StructureTemplateManagerMixin on net/minecraft/world/level/levelgen/structure/templatesystem/StructureTemplateManager gets unique name net/minecraft/world/level/levelgen/structure/templatesystem/StructureTemplateManager$Anonymous$2385a326ce863bc0bf2a11ea898a45b4
[23:27:08] [main/DEBUG] (FabricLoader/Mixin) Prepared 484 mixins in 3,288 sec (6,8ms avg) (0ms load, 0ms transform, 0ms plugin)
[23:27:08] [main/DEBUG] (io.netty.util.internal.logging.InternalLoggerFactory) Using SLF4J as the default logging framework
[23:27:08] [main/DEBUG] (io.netty.util.ResourceLeakDetector) -Dio.netty.leakDetection.level: simple
[23:27:08] [main/DEBUG] (io.netty.util.ResourceLeakDetector) -Dio.netty.leakDetection.targetRecords: 4
[23:27:09] [main/DEBUG] (com.mojang.blaze3d.platform.NativeLibrariesBootstrap) Loading LWJGL system
[23:27:09] [main/DEBUG] (com.mojang.blaze3d.platform.NativeLibrariesBootstrap) Loading tinyfd
[23:27:09] [main/DEBUG] (com.mojang.blaze3d.platform.NativeLibrariesBootstrap) Loading STB
[23:27:09] [main/DEBUG] (com.mojang.blaze3d.platform.NativeLibrariesBootstrap) Loading vma
[23:27:09] [main/DEBUG] (com.mojang.blaze3d.platform.NativeLibrariesBootstrap) Loading freetype
[23:27:09] [main/DEBUG] (com.mojang.blaze3d.platform.NativeLibrariesBootstrap) Loading OpenGL
[23:27:09] [main/DEBUG] (com.mojang.blaze3d.platform.NativeLibrariesBootstrap) Loading GLFW
[23:27:09] [main/DEBUG] (com.mojang.blaze3d.platform.NativeLibrariesBootstrap) Loading OpenAL
[23:27:09] [main/DEBUG] (com.mojang.blaze3d.platform.NativeLibrariesBootstrap) Loading spvc
[23:27:10] [main/DEBUG] (com.mojang.blaze3d.platform.NativeLibrariesBootstrap) Loading shaderc
[23:27:10] [main/DEBUG] (com.mojang.blaze3d.platform.NativeLibrariesBootstrap) Library load time: 730 ms
[23:27:10] [main/INFO] (FabricLoader/MixinExtras|Service) Initializing MixinExtras via com.llamalad7.mixinextras.service.MixinExtrasServiceImpl(version=0.5.5).
[23:27:10] [main/DEBUG] (FabricLoader/Mixin) Registering new injector for @SugarWrapper with com.llamalad7.mixinextras.sugar.impl.SugarWrapperInjectionInfo
[23:27:10] [main/DEBUG] (FabricLoader/Mixin) Registering new injector for @FactoryRedirectWrapper with com.llamalad7.mixinextras.wrapper.factory.FactoryRedirectWrapperInjectionInfo
[23:27:10] [main/DEBUG] (FabricLoader/Mixin) Registering new injector for @ExpressionInjectorWrapper with com.llamalad7.mixinextras.expression.impl.wrapper.ExpressionInjectorWrapperInjectionInfo
[23:27:10] [main/DEBUG] (FabricLoader/Mixin) Mixing DimensionStorageFileFixMixin from fabric-data-attachment-api-v1.mixins.json into net.minecraft.util.filefix.fixes.DimensionStorageFileFix
[23:27:10] [main/DEBUG] (FabricLoader/Mixin) Mixing TaggedChoiceMixin from fabric-dimensions-v1.mixins.json into com.mojang.datafixers.types.templates.TaggedChoice
[23:27:10] [main/DEBUG] (FabricLoader/Mixin) fabric-dimensions-v1.mixins.json:TaggedChoiceMixin from mod fabric-dimensions-v1->@Inject::onApply(Lcom/mojang/datafixers/util/Pair;Lorg/spongepowered/asm/mixin/injection/callback/CallbackInfoReturnable;)V does use it's CallbackInfoReturnable
[23:27:10] [main/DEBUG] (FabricLoader/Mixin) Mixing TaggedChoiceTaggedChoiceTypeMixin from fabric-dimensions-v1.mixins.json into com.mojang.datafixers.types.templates.TaggedChoice$TaggedChoiceType
[23:27:10] [main/DEBUG] (FabricLoader/Mixin) fabric-dimensions-v1.mixins.json:TaggedChoiceTaggedChoiceTypeMixin from mod fabric-dimensions-v1->@Inject::onGetCodec(Ljava/lang/Object;Lorg/spongepowered/asm/mixin/injection/callback/CallbackInfoReturnable;)V does use it's CallbackInfoReturnable
[23:27:11] [main/DEBUG] (FabricLoader/Mixin) Mixing RegistriesMixin from fabric-registry-sync-v0.mixins.json into net.minecraft.core.registries.Registries
[23:27:12] [main/DEBUG] (FabricLoader/Mixin) Mixing V2832Mixin from fabric-dimensions-v1.mixins.json into net.minecraft.util.datafix.schemas.V2832
[23:27:13] [main/DEBUG] (FabricLoader/Mixin) Mixing SystemReportMixin from fabric-crash-report-info-v1.mixins.json into net.minecraft.SystemReport
[23:27:13] [main/DEBUG] (FabricLoader/Mixin) Renaming synthetic method lambda$appendMods$0(Lnet/fabricmc/loader/api/ModContainer;)Ljava/lang/String; to md903259$fabric-crash-report-info-v1$lambda$appendMods$0$0 in fabric-crash-report-info-v1.mixins.json:SystemReportMixin from mod fabric-crash-report-info-v1
[23:27:13] [main/DEBUG] (FabricLoader/Mixin) Renaming synthetic method lambda$fillSystemDetails$0()Ljava/lang/Object; to md903259$fabric-crash-report-info-v1$lambda$fillSystemDetails$0$1 in fabric-crash-report-info-v1.mixins.json:SystemReportMixin from mod fabric-crash-report-info-v1
[23:27:13] [main/DEBUG] (FabricLoader/Mixin) fabric-crash-report-info-v1.mixins.json:SystemReportMixin from mod fabric-crash-report-info-v1->@Inject::fillSystemDetails(Lorg/spongepowered/asm/mixin/injection/callback/CallbackInfo;)V doesn't use it's CallbackInfo
[23:27:13] [main/DEBUG] (FabricLoader/Mixin) fabric-crash-report-info-v1.mixins.json:SystemReportMixin from mod fabric-crash-report-info-v1->@Inject::fillSystemDetails(Lorg/spongepowered/asm/mixin/injection/callback/CallbackInfo;)V has 0 override(s) in child classes
[23:27:13] [main/DEBUG] (FabricLoader/Mixin) fabric-crash-report-info-v1.mixins.json:SystemReportMixin from mod fabric-crash-report-info-v1->@Inject::fillSystemDetails(Lorg/spongepowered/asm/mixin/injection/callback/CallbackInfo;)V won't be passed a CallbackInfo as a result
[23:27:15] [main/ERROR] (oshi.driver.windows.registry.HkeyPerformanceDataUtil) Unable to locate English counter names in registry Perflib 009. Counters may need to be rebuilt: 
com.sun.jna.platform.win32.Win32Exception: Параметр задан неверно.
	at knot//com.sun.jna.platform.win32.Advapi32Util.registryGetStringArray(Advapi32Util.java:921)
	at knot//com.sun.jna.platform.win32.Advapi32Util.registryGetStringArray(Advapi32Util.java:898)
	at knot//oshi.driver.windows.registry.HkeyPerformanceDataUtil.mapCounterIndicesFromRegistry(HkeyPerformanceDataUtil.java:274)
	at knot//oshi.driver.windows.registry.HkeyPerformanceDataUtil.<clinit>(HkeyPerformanceDataUtil.java:51)
	at knot//oshi.driver.windows.registry.ProcessPerformanceData.buildProcessMapFromRegistry(ProcessPerformanceData.java:45)
	at knot//oshi.software.os.windows.WindowsOperatingSystem.queryProcessMapFromRegistry(WindowsOperatingSystem.java:328)
	at knot//oshi.util.Memoizer$1.get(Memoizer.java:65)
	at knot//oshi.software.os.windows.WindowsOperatingSystem.processMapToList(WindowsOperatingSystem.java:298)
	at knot//oshi.software.os.windows.WindowsOperatingSystem.getProcess(WindowsOperatingSystem.java:292)
	at knot//oshi.software.os.OperatingSystem.getCurrentProcess(OperatingSystem.java:246)
	at knot//net.minecraft.SystemReport.lambda$putSoftware$0(SystemReport.java:116)
	at knot//net.minecraft.SystemReport.ignoreErrors(SystemReport.java:121)
	at knot//net.minecraft.SystemReport.putSoftware(SystemReport.java:116)
	at knot//net.minecraft.SystemReport.lambda$new$7(SystemReport.java:68)
	at knot//net.minecraft.SystemReport.ignoreErrors(SystemReport.java:121)
	at knot//net.minecraft.SystemReport.<init>(SystemReport.java:68)
	at knot//net.minecraft.CrashReport.<init>(CrashReport.java:35)
	at knot//net.minecraft.CrashReport.preload(CrashReport.java:252)
	at knot//net.minecraft.client.main.Main.main(Main.java:172)
	at net.fabricmc.loader.impl.game.minecraft.MinecraftGameProvider.launch(MinecraftGameProvider.java:517)
	at net.fabricmc.loader.impl.launch.knot.Knot.launch(Knot.java:72)
	at net.fabricmc.loader.impl.launch.knot.KnotClient.main(KnotClient.java:23)
	at net.fabricmc.devlaunchinjector.Main.main(Main.java:86)
[23:27:15] [main/DEBUG] (oshi.driver.windows.registry.HkeyPerformanceDataUtil) Couldn't find counter index of Process.
[23:27:15] [main/WARN] (oshi.util.platform.windows.PerfCounterQuery) Unable to locate English counter names in registry Perflib 009. Assuming English counters. Error 0x80070057. See https://support.microsoft.com/en-us/help/300956/how-to-manually-rebuild-performance-counter-library-values
[23:27:15] [main/DEBUG] (oshi.util.platform.windows.PerfCounterQuery) Localized Process to Process
[23:27:15] [main/WARN] (oshi.util.platform.windows.PerfCounterWildcardQuery) Failed to locate performance object for Process in the registry. Performance counters may be corrupt. Pdh call failed with error code 0xC0000BB8
[23:27:15] [main/INFO] (oshi.util.platform.windows.PerfCounterWildcardQuery) Disabling further attempts to query Process.
[23:27:16] [Datafixer Bootstrap #0/INFO] (com.mojang.datafixers.DataFixerBuilder) 295 Datafixer optimizations took 3496 milliseconds
[23:27:22] [main/DEBUG] (FabricLoader/Mixin) Mixing BootstrapMixin from fabric-registry-sync-v0.mixins.json into net.minecraft.server.Bootstrap
[23:27:22] [main/DEBUG] (FabricLoader/Mixin) Renaming synthetic method lambda$afterInitialize$1(Lnet/minecraft/world/level/material/Fluid;)Ljava/util/Collection; to md903259$fabric-registry-sync-v0$lambda$afterInitialize$1$0 in fabric-registry-sync-v0.mixins.json:BootstrapMixin from mod fabric-registry-sync-v0
[23:27:22] [main/DEBUG] (FabricLoader/Mixin) Renaming synthetic method lambda$afterInitialize$0(Lnet/minecraft/world/level/block/Block;)Ljava/util/Collection; to md903259$fabric-registry-sync-v0$lambda$afterInitialize$0$1 in fabric-registry-sync-v0.mixins.json:BootstrapMixin from mod fabric-registry-sync-v0
[23:27:22] [main/DEBUG] (FabricLoader/Mixin) fabric-registry-sync-v0.mixins.json:BootstrapMixin from mod fabric-registry-sync-v0->@Inject::afterInitialize(Lorg/spongepowered/asm/mixin/injection/callback/CallbackInfo;)V doesn't use it's CallbackInfo
[23:27:22] [main/DEBUG] (FabricLoader/Mixin) Mixing RegistryMixin from fabric-registry-sync-v0.mixins.json into net.minecraft.core.Registry
[23:27:22] [main/DEBUG] (FabricLoader/Mixin) Mixing BuiltInRegistriesMixin from fabric-item-api-v1.mixins.json into net.minecraft.core.registries.BuiltInRegistries
[23:27:22] [main/DEBUG] (FabricLoader/Mixin) Mixing BuiltInRegistriesAccessor from fabric-registry-sync-v0.mixins.json into net.minecraft.core.registries.BuiltInRegistries
[23:27:22] [main/DEBUG] (FabricLoader/Mixin) Renaming @Accessor method getWRITABLE_REGISTRY()Lnet/minecraft/core/WritableRegistry; to getWRITABLE_REGISTRY$fabric-registry-sync-v0_$md$903259$0 in fabric-registry-sync-v0.mixins.json:BuiltInRegistriesAccessor from mod fabric-registry-sync-v0
[23:27:22] [main/DEBUG] (FabricLoader/Mixin) Mixing BuiltInRegistriesMixin from fabric-registry-sync-v0.mixins.json into net.minecraft.core.registries.BuiltInRegistries
[23:27:22] [main/DEBUG] (FabricLoader/Mixin) Mixing BuiltInRegistriesMixin from fabric-object-builder-v1.mixins.json into net.minecraft.core.registries.BuiltInRegistries
[23:27:22] [main/DEBUG] (FabricLoader/Mixin) fabric-item-api-v1.mixins.json:BuiltInRegistriesMixin from mod fabric-item-api-v1->@Inject::modifyDefaultItemComponents(Lorg/spongepowered/asm/mixin/injection/callback/CallbackInfo;)V doesn't use it's CallbackInfo
[23:27:22] [main/DEBUG] (FabricLoader/Mixin) fabric-registry-sync-v0.mixins.json:BuiltInRegistriesMixin from mod fabric-registry-sync-v0->@Inject::init(Lorg/spongepowered/asm/mixin/injection/callback/CallbackInfo;)V does use it's CallbackInfo
[23:27:22] [main/DEBUG] (FabricLoader/Mixin) fabric-object-builder-v1.mixins.json:BuiltInRegistriesMixin from mod fabric-object-builder-api-v1->@Inject::modifyAttributes(Lorg/spongepowered/asm/mixin/injection/callback/CallbackInfo;)V doesn't use it's CallbackInfo
[23:27:22] [main/DEBUG] (FabricLoader/Mixin) Mixing MappedRegistryAccessor from fabric-registry-sync-v0.mixins.json into net.minecraft.core.MappedRegistry
[23:27:22] [main/DEBUG] (FabricLoader/Mixin) Mixing MappedRegistryMixin from fabric-registry-sync-v0.mixins.json into net.minecraft.core.MappedRegistry
[23:27:22] [main/DEBUG] (FabricLoader/Mixin) Renaming synthetic method lambda$remap$0()Lnet/fabricmc/fabric/impl/registry/sync/RemapException; to md903259$fabric-registry-sync-v0$lambda$remap$0$0 in fabric-registry-sync-v0.mixins.json:MappedRegistryMixin from mod fabric-registry-sync-v0
[23:27:22] [main/DEBUG] (FabricLoader/Mixin) Renaming synthetic method lambda$init$3([Lnet/fabricmc/fabric/api/event/registry/RegistryIdRemapCallback;)Lnet/fabricmc/fabric/api/event/registry/RegistryIdRemapCallback; to md903259$fabric-registry-sync-v0$lambda$init$3$1 in fabric-registry-sync-v0.mixins.json:MappedRegistryMixin from mod fabric-registry-sync-v0
[23:27:22] [main/DEBUG] (FabricLoader/Mixin) Renaming synthetic method lambda$init$4([Lnet/fabricmc/fabric/api/event/registry/RegistryIdRemapCallback;Lnet/fabricmc/fabric/api/event/registry/RegistryIdRemapCallback$RemapState;)V to md903259$fabric-registry-sync-v0$lambda$init$4$2 in fabric-registry-sync-v0.mixins.json:MappedRegistryMixin from mod fabric-registry-sync-v0
[23:27:22] [main/DEBUG] (FabricLoader/Mixin) Renaming synthetic method lambda$init$2(ILnet/minecraft/resources/Identifier;Ljava/lang/Object;)V to md903259$fabric-registry-sync-v0$lambda$init$2$3 in fabric-registry-sync-v0.mixins.json:MappedRegistryMixin from mod fabric-registry-sync-v0
[23:27:22] [main/DEBUG] (FabricLoader/Mixin) Renaming synthetic method lambda$init$0([Lnet/fabricmc/fabric/api/event/registry/RegistryEntryAddedCallback;)Lnet/fabricmc/fabric/api/event/registry/RegistryEntryAddedCallback; to md903259$fabric-registry-sync-v0$lambda$init$0$4 in fabric-registry-sync-v0.mixins.json:MappedRegistryMixin from mod fabric-registry-sync-v0
[23:27:22] [main/DEBUG] (FabricLoader/Mixin) Renaming synthetic method lambda$init$1([Lnet/fabricmc/fabric/api/event/registry/RegistryEntryAddedCallback;ILnet/minecraft/resources/Identifier;Ljava/lang/Object;)V to md903259$fabric-registry-sync-v0$lambda$init$1$5 in fabric-registry-sync-v0.mixins.json:MappedRegistryMixin from mod fabric-registry-sync-v0
[23:27:22] [main/DEBUG] (FabricLoader/Mixin) Mixing MappedRegistryAccessor from fabric-dimensions-v1.mixins.json into net.minecraft.core.MappedRegistry
[23:27:22] [main/DEBUG] (FabricLoader/Mixin) Mixing MappedRegistryMixin from fabric-tag-api-v1.mixins.json into net.minecraft.core.MappedRegistry
[23:27:22] [main/DEBUG] (FabricLoader/Mixin) fabric-registry-sync-v0.mixins.json:MappedRegistryMixin from mod fabric-registry-sync-v0->@Inject::init(Lnet/minecraft/resources/ResourceKey;Lcom/mojang/serialization/Lifecycle;ZLorg/spongepowered/asm/mixin/injection/callback/CallbackInfo;)V doesn't use it's CallbackInfo
[23:27:22] [main/DEBUG] (FabricLoader/Mixin) fabric-registry-sync-v0.mixins.json:MappedRegistryMixin from mod fabric-registry-sync-v0->@Inject::init(Lnet/minecraft/resources/ResourceKey;Lcom/mojang/serialization/Lifecycle;ZLorg/spongepowered/asm/mixin/injection/callback/CallbackInfo;)V has 0 override(s) in child classes
[23:27:22] [main/DEBUG] (FabricLoader/Mixin) fabric-registry-sync-v0.mixins.json:MappedRegistryMixin from mod fabric-registry-sync-v0->@Inject::init(Lnet/minecraft/resources/ResourceKey;Lcom/mojang/serialization/Lifecycle;ZLorg/spongepowered/asm/mixin/injection/callback/CallbackInfo;)V won't be passed a CallbackInfo as a result
[23:27:22] [main/DEBUG] (FabricLoader/Mixin) fabric-registry-sync-v0.mixins.json:MappedRegistryMixin from mod fabric-registry-sync-v0->@Inject::set(Lnet/minecraft/resources/ResourceKey;Ljava/lang/Object;Lnet/minecraft/core/RegistrationInfo;Lorg/spongepowered/asm/mixin/injection/callback/CallbackInfoReturnable;)V does use it's CallbackInfoReturnable
[23:27:22] [main/DEBUG] (FabricLoader/Mixin) Mixing DataComponentInitializersMixin from fabric-item-api-v1.mixins.json into net.minecraft.core.component.DataComponentInitializers
[23:27:22] [main/DEBUG] (FabricLoader/Mixin) Renaming synthetic method lambda$captureLookup$0(Lcom/llamalad7/mixinextras/injector/wrapoperation/Operation;Lnet/minecraft/core/HolderLookup$Provider;Lnet/minecraft/core/component/DataComponentInitializers$PendingComponentBuilders;)Lnet/minecraft/core/component/DataComponentInitializers$PendingComponents; to md903259$fabric-item-api-v1$lambda$captureLookup$0$0 in fabric-item-api-v1.mixins.json:DataComponentInitializersMixin from mod fabric-item-api-v1
[23:27:22] [main/DEBUG] (FabricLoader/Mixin) Mixing effect.MobEffectMixin from fabric-entity-events-v1.mixins.json into net.minecraft.world.effect.MobEffect
[23:27:23] [main/DEBUG] (FabricLoader/Mixin) Mixing ArgumentTypeInfosAccessor from fabric-command-api-v2.mixins.json into net.minecraft.commands.synchronization.ArgumentTypeInfos
[23:27:23] [main/DEBUG] (FabricLoader/Mixin) Renaming @Accessor method fabric_getClassMap()Ljava/util/Map; to fabric_getClassMap$fabric-command-api-v2_$md$903259$0 in fabric-command-api-v2.mixins.json:ArgumentTypeInfosAccessor from mod fabric-command-api-v2
[23:27:23] [main/DEBUG] (FabricLoader/Mixin) Mixing DecoratedPotPatternsMixin from fabric-content-registries-v0.mixins.json into net.minecraft.world.level.block.entity.DecoratedPotPatterns
[23:27:23] [main/DEBUG] (FabricLoader/Mixin) fabric-content-registries-v0.mixins.json:DecoratedPotPatternsMixin from mod fabric-content-registries-v0->@Inject::makeItemToPatternMappingsMutable(Ljava/util/function/BiConsumer;Lorg/spongepowered/asm/mixin/injection/callback/CallbackInfo;)V doesn't use it's CallbackInfo
[23:27:23] [main/DEBUG] (FabricLoader/Mixin) Mixing CreativeModeTabsMixin from fabric-creative-tab-api-v1.mixins.json into net.minecraft.world.item.CreativeModeTabs
[23:27:23] [main/DEBUG] (FabricLoader/Mixin) Renaming synthetic method lambda$paginateTabs$0(Lnet/minecraft/core/Holder$Reference;Lnet/minecraft/core/Holder$Reference;)I to md903259$fabric-creative-tab-api-v1$lambda$paginateTabs$0$0 in fabric-creative-tab-api-v1.mixins.json:CreativeModeTabsMixin from mod fabric-creative-tab-api-v1
[23:27:23] [main/DEBUG] (FabricLoader/Mixin) fabric-creative-tab-api-v1.mixins.json:CreativeModeTabsMixin from mod fabric-creative-tab-api-v1->@Inject::deferDuplicateCheck(Lorg/spongepowered/asm/mixin/injection/callback/CallbackInfo;)V does use it's CallbackInfo
[23:27:23] [main/DEBUG] (FabricLoader/Mixin) fabric-creative-tab-api-v1.mixins.json:CreativeModeTabsMixin from mod fabric-creative-tab-api-v1->@Inject::paginateTabs(Lorg/spongepowered/asm/mixin/injection/callback/CallbackInfo;)V doesn't use it's CallbackInfo
[23:27:23] [main/DEBUG] (FabricLoader/Mixin) Mixing CreativeModeTabAccessor from fabric-creative-tab-api-v1.mixins.json into net.minecraft.world.item.CreativeModeTab
[23:27:23] [main/DEBUG] (FabricLoader/Mixin) Mixing CreativeModeTabMixin from fabric-creative-tab-api-v1.mixins.json into net.minecraft.world.item.CreativeModeTab
[23:27:23] [main/DEBUG] (FabricLoader/Mixin) Renaming synthetic method lambda$getStacks$0(Lnet/minecraft/world/item/CreativeModeTab;)Ljava/lang/IllegalStateException; to md903259$fabric-creative-tab-api-v1$lambda$getStacks$0$0 in fabric-creative-tab-api-v1.mixins.json:CreativeModeTabMixin from mod fabric-creative-tab-api-v1
[23:27:23] [main/DEBUG] (FabricLoader/Mixin) fabric-creative-tab-api-v1.mixins.json:CreativeModeTabMixin from mod fabric-creative-tab-api-v1->@Inject::getStacks(Lnet/minecraft/world/item/CreativeModeTab$ItemDisplayParameters;Lorg/spongepowered/asm/mixin/injection/callback/CallbackInfo;)V doesn't use it's CallbackInfo
[23:27:23] [main/DEBUG] (FabricLoader/Mixin) fabric-creative-tab-api-v1.mixins.json:CreativeModeTabMixin from mod fabric-creative-tab-api-v1->@Inject::getStacks(Lnet/minecraft/world/item/CreativeModeTab$ItemDisplayParameters;Lorg/spongepowered/asm/mixin/injection/callback/CallbackInfo;)V has 0 override(s) in child classes
[23:27:23] [main/DEBUG] (FabricLoader/Mixin) fabric-creative-tab-api-v1.mixins.json:CreativeModeTabMixin from mod fabric-creative-tab-api-v1->@Inject::getStacks(Lnet/minecraft/world/item/CreativeModeTab$ItemDisplayParameters;Lorg/spongepowered/asm/mixin/injection/callback/CallbackInfo;)V won't be passed a CallbackInfo as a result
